,Ano de exibição,Título da obra,Gênero,País(es) produtor(es) da obra,Nacionalidade da obra,Empresa distribuidora,Origem da empresa distribuidora,Público no ano de exibição,Renda (R$) no ano de exibição
0,2019,120 Batimentos Por Minuto,Ficção,França,Estrangeira,Imovision,Distribuição Nacional,10.0,70.0
1,2019,3 Faces,Ficção,Irã,Estrangeira,Imovision,Distribuição Nacional,6289.0,103805.0
2,2019,45 Dias Sem Você,Ficção,Brasil,Brasileira,O2 Play,Distribuição Nacional,3303.0,31295.0
3,2019,A 100 Passos De Um Sonho,Ficção,Estados Unidos,Estrangeira,Disney,Distribuição Internacional,69.0,4186.0
4,2019,A Abelhinha Maya - O Filme,Animação,Alemanha,Estrangeira,Playarte,Distribuição Nacional,402.0,3531.0
5,2019,A Batalha Das Correntes,Ficção,Estados Unidos,Estrangeira,Diamond Films,Distribuição Nacional,19579.0,425304.0
6,2019,A Bela da Tarde,Ficção,"França, Itália",Estrangeira,Zeta Filmes,Distribuição Nacional,14.0,253.0
7,2019,A Cabeça De Gumercindo Saraiva,Ficção,Brasil,Brasileira,Elo Company,Distribuição Nacional,195.0,1830.0
8,2019,A Caminho De Casa,Ficção,Estados Unidos,Estrangeira,Sony,Distribuição Internacional,652641.0,9445705.0
9,2019,A Casa De Veraneio,Ficção,"França, Itália",Estrangeira,Imovision,Distribuição Nacional,8001.0,137759.0
10,2019,A Casa Que Jack Construiu,Ficção,"Alemanha, Dinamarca, França, Suécia",Estrangeira,Califórnia,Distribuição Nacional,530.0,4466.0
11,2019,A Cidade Dos Piratas,Animação,Brasil,Brasileira,Lança Filmes,Distribuição Nacional,2364.0,32055.0
12,2019,A Cinco Passos De Você,Ficção,Estados Unidos,Estrangeira,Paris,Distribuição Nacional,1346982.0,19364671.0
13,2019,A Costureira De Sonhos,Ficção,"França, Índia",Estrangeira,Imovision,Distribuição Nacional,21464.0,360398.0
14,2019,A Câmera De Claire,Ficção,"Coréia do Sul, França",Estrangeira,Pandora Filmes,Distribuição Nacional,72.0,456.0
15,2019,A Espiã Vermelha,Ficção,Inglaterra,Estrangeira,Califórnia,Distribuição Nacional,35593.0,676079.0
16,2019,A Esposa,Ficção,"Estados Unidos, Reino Unido, Suécia",Estrangeira,Alpha Filmes,Distribuição Nacional,170609.0,3056791.0
17,2019,A Excêntrica Família De Gaspard,Ficção,França,Estrangeira,Bonfilm,Distribuição Nacional,39.0,344.0
18,2019,A Família Addams,Animação,"Canadá, Estados Unidos, Inglaterra",Estrangeira,Universal,Distribuição Internacional,1622344.0,24330901.0
19,2019,A Família Submersa,Ficção,"Brasil, Argentina",Brasileira,Esfera Produções,Distribuição Nacional,2538.0,38427.0
20,2019,A Favorita,Ficção,Estados Unidos,Estrangeira,Fox,Distribuição Internacional,254709.0,4988357.0
21,2019,A Fera Na Selva,Ficção,Brasil,Brasileira,O2 Play,Distribuição Nacional,3106.0,41232.0
22,2019,A Filosofia na Alcova,Ficção,Brasil,Brasileira,Espaço dos Satyros,Distribuição Nacional,150.0,2493.0
23,2019,A Forma Da Água,Ficção,Estados Unidos,Estrangeira,Disney,Distribuição Internacional,13.0,26.0
24,2019,A Fábrica De Nada,Ficção,Portugal,Estrangeira,Imovision,Distribuição Nacional,6.0,21.0
25,2019,A Garota Na Névoa,Ficção,Itália,Estrangeira,A2 Filmes,Distribuição Nacional,215.0,1924.0
26,2019,A Grande  Dama  Do Cinema,Ficção,Argentina,Estrangeira,Fênix Filmes,Distribuição Nacional,24992.0,426096.0
27,2019,A Grande Mentira,Ficção,Estados Unidos,Estrangeira,Warner,Distribuição Internacional,39508.0,844595.0
28,2019,A História De Um Sonho,Documentário,Brasil,Brasileira,Elo Company,Distribuição Nacional,4910.0,35242.0
29,2019,A Irmandade,Documentário,Brasil,Brasileira,Lume Produções Cinematográficas,Distribuição Nacional,684.0,6611.0
30,2019,A Juíza,Documentário,Estados Unidos,Estrangeira,Flow Filmes,Distribuição Nacional,6287.0,78834.0
31,2019,A Lenda De Golem,Ficção,Israel,Estrangeira,Playarte,Distribuição Nacional,8077.0,121734.0
32,2019,A Luta Do Século,Documentário,Brasil,Brasileira,Vitrine Filmes,Distribuição Nacional,25.0,56.0
33,2019,A Luz No Fim Do Mundo,Ficção,Estados Unidos,Estrangeira,Imagem,Distribuição Nacional,7335.0,154823.0
34,2019,A Maldição Da Chorona,Ficção,Estados Unidos,Estrangeira,Warner,Distribuição Internacional,361053.0,5617449.0
35,2019,A Maldição Da Freira,Ficção,Reino Unido,Estrangeira,Playarte,Distribuição Nacional,148557.0,2285835.0
36,2019,A Maratona De Brittany,Ficção,Estados Unidos,Estrangeira,Diamond Films,Distribuição Nacional,2380.0,47201.0
37,2019,A Menina E O Leão,Ficção,"África do Sul, Alemanha, França",Estrangeira,Paris,Distribuição Nacional,34883.0,572953.0
38,2019,A Misteriosa Morte De Pérola,Ficção,Brasil,Brasileira,Embaúba Filmes,Distribuição Nacional,10.0,56.0
39,2019,A Morte Te Dá Parabéns 2,Ficção,Estados Unidos,Estrangeira,Universal,Distribuição Internacional,595463.0,8504116.0
40,2019,A Mula,Ficção,Estados Unidos,Estrangeira,Warner,Distribuição Internacional,177958.0,3957700.0
41,2019,A Mulher Do Meu Marido,Ficção,"Argentina, Brasil",Brasileira,Bretz Filmes,Distribuição Nacional,3018.0,50248.0
42,2019,A Música Da Minha Vida,Ficção,Reino Unido,Estrangeira,Warner,Distribuição Internacional,17464.0,380002.0
43,2019,A Música Do Tempo - Do Sonho Do Império Ao Império Do Sonho,Documentário,Brasil,Brasileira,Espaço Filmes,Distribuição Nacional,317.0,5222.0
44,2019,A Noite Amarela,Ficção,Brasil,Brasileira,Vitrine Filmes,Distribuição Nacional,1798.0,12920.0
45,2019,A Noite De 12 Anos,Ficção,"Argentina, Espanha, Uruguai",Estrangeira,Vitrine Filmes,Distribuição Nacional,1426.0,23535.0
46,2019,A Nossa Espera,Ficção,"Bélgica, França",Estrangeira,Vitrine Filmes,Distribuição Nacional,10020.0,155360.0
47,2019,A Número Um,Ficção,França,Estrangeira,Imovision,Distribuição Nacional,6.0,54.0
48,2019,A Odisseia Dos Tontos,Ficção,"Argentina, Espanha",Estrangeira,Warner,Distribuição Internacional,124934.0,2420806.0
49,2019,A Outra Mulher,Ficção,França,Estrangeira,Imovision,Distribuição Nacional,9.0,63.0
50,2019,A Parte Do Mundo Que Me Pertence,Documentário,Brasil,Brasileira,Olhar Distribuição,Distribuição Nacional,571.0,6299.0
51,2019,A Pedra Da Serpente,Ficção,Brasil,Brasileira,Elo Company,Distribuição Nacional,507.0,4346.0
52,2019,A Pequena Travessa,Ficção,Alemanha,Estrangeira,Paris,Distribuição Nacional,9298.0,135533.0
53,2019,A Prece,Ficção,França,Estrangeira,Imovision,Distribuição Nacional,322.0,3178.0
54,2019,A Pé Ele Não Vai Longe,Ficção,Estados Unidos,Estrangeira,Diamond Films,Distribuição Nacional,10961.0,183761.0
55,2019,A Quarta Parede,Ficção,Brasil,Brasileira,Elo Company,Distribuição Nacional,1455.0,12327.0
56,2019,A Rebelião,Ficção,Estados Unidos,Estrangeira,Diamond Films,Distribuição Nacional,22732.0,366619.0
57,2019,A Resistência De Inga,Ficção,"Alemanha, Dinamarca, França, Islândia",Estrangeira,Imovision,Distribuição Nacional,1078.0,16652.0
58,2019,A Rosa Azul De Novalis,Documentário,Brasil,Brasileira,Vitrine Filmes,Distribuição Nacional,704.0,4923.0
59,2019,A Rota Selvagem,Ficção,Estados Unidos,Estrangeira,Califórnia/Diamond Films,Distribuição Nacional,64.0,1570.0
60,2019,A Sereia: Lago Dos Mortos,Ficção,Rússia,Estrangeira,Paris,Distribuição Nacional,235011.0,3304494.0
61,2019,A Serpente,Ficção,Brasil,Brasileira,Jura Filmes,Distribuição Nacional,527.0,5591.0
62,2019,A Sombra Do Pai,Ficção,Brasil,Brasileira,Pandora Filmes,Distribuição Nacional,2908.0,43183.0
63,2019,A Tabacaria,Ficção,"Alemanha, Áustria",Estrangeira,A2 Filmes,Distribuição Nacional,58901.0,1021174.0
64,2019,A Turma Do Pererê.Doc,Documentário,Brasil,Brasileira,O2 Play,Distribuição Nacional,472.0,4332.0
65,2019,A Vida De Diane,Ficção,Estados Unidos,Estrangeira,Supo Mungam Films,Distribuição Nacional,73.0,532.0
66,2019,A Vida Em Si,Ficção,Estados Unidos,Estrangeira,Paris,Distribuição Nacional,2028.0,28519.0
67,2019,A Vida Invisível,Ficção,"Alemanha, Brasil",Brasileira,Sony/Vitrine Filmes,Codistribuição Internacional-Nacional,117222.0,2010086.0
68,2019,A Voz Do Silêncio,Ficção,"Argentina, Brasil",Brasileira,Imovision,Distribuição Nacional,263.0,2275.0
69,2019,A Árvore  Dos Frutos Selvagens,Ficção,"Alemanha, Bulgária, França, Suécia, Turquia",Estrangeira,Fênix Filmes,Distribuição Nacional,4705.0,73825.0
70,2019,A Última Chance,Ficção,Brasil,Brasileira,Europa,Distribuição Nacional,45.0,484.0
71,2019,A Última Loucura De Claire Darling,Ficção,França,Estrangeira,A2 Filmes,Distribuição Nacional,23355.0,400230.0
72,2019,Abaixo A Gravidade,Ficção,Brasil,Brasileira,Fênix Filmes,Distribuição Nacional,851.0,11263.0
73,2019,Abigail E A Cidade Proibida,Ficção,Rússia,Estrangeira,Playarte,Distribuição Nacional,66775.0,998015.0
74,2019,Abominável,Animação,"China, Estados Unidos",Estrangeira,Universal,Distribuição Internacional,1026553.0,15115285.0
75,2019,Aconteceu Na Quarta-Feira (Doppelganger),Ficção,Brasil,Brasileira,Forte Filmes,Distribuição Nacional,130.0,2451.0
76,2019,Acossado,Ficção,França,Estrangeira,Zeta Filmes,Distribuição Nacional,29.0,252.0
77,2019,Ad Astra,Ficção,"Brasil, Estados Unidos",Estrangeira,Disney,Distribuição Internacional,360557.0,6839419.0
78,2019,Adam,Ficção,"Bélgica, França, Marrocos",Estrangeira,Arteplex,Distribuição Nacional,16212.0,288790.0
79,2019,Adeus À Noite,Ficção,"Alemanha, França",Estrangeira,Pandora Filmes,Distribuição Nacional,12802.0,202967.0
80,2019,After,Ficção,Estados Unidos,Estrangeira,Diamond Films,Distribuição Nacional,263616.0,3902213.0
82,2019,Aladdin,Ficção,Estados Unidos,Estrangeira,Disney,Distribuição Internacional,4788803.0,80060751.0
83,2019,Alaska,Ficção,Brasil,Brasileira,Elo Company,Distribuição Nacional,2143.0,17500.0
84,2019,Albatroz,Ficção,Brasil,Brasileira,Paris,Distribuição Nacional,6387.0,112633.0
85,2019,Alex Camera 10,Documentário,Brasil,Brasileira,Moro Comunicação,Distribuição Nacional,358.0,4686.0
86,2019,Alita: Anjo De Combate,Ficção,"Argentina, Canadá, Estados Unidos",Estrangeira,Fox,Distribuição Internacional,1028151.0,16823123.0
87,2019,Alma Imoral,Documentário,Brasil,Brasileira,Elo Company,Distribuição Nacional,3143.0,54483.0
88,2019,Amanda,Ficção,França,Estrangeira,Imovision,Distribuição Nacional,13131.0,213785.0
89,2019,Amanhã Chegou,Documentário,Brasil,Brasileira,Elo Company,Distribuição Nacional,23.0,306.0
90,2019,Ama-San,Documentário,"Japão, Portugal",Estrangeira,Bretz Filmes,Distribuição Nacional,1717.0,23330.0
91,2019,Amazônia Groove,Documentário,Brasil,Brasileira,Pagu Pictures,Distribuição Nacional,1483.0,23661.0
92,2019,"Amazônia, O Despertar Da Florestania",Documentário,Brasil,Brasileira,Descoloniza Filmes,Distribuição Nacional,3843.0,49989.0
93,2019,Ambiente Familiar,Ficção,Brasil,Brasileira,Elo Company,Distribuição Nacional,728.0,6111.0
94,2019,Amigos Alienígenas,Animação,"Alemanha, Dinamarca, Luxemburgo",Estrangeira,Playarte,Distribuição Nacional,79.0,1068.0
95,2019,Amigos Para Sempre,Ficção,Estados Unidos,Estrangeira,Califórnia,Distribuição Nacional,19084.0,439896.0
96,2019,Amor Até Às Cinzas,Ficção,"China, França, Japão",Estrangeira,Imovision,Distribuição Nacional,8116.0,136608.0
97,2019,Amor Em Jogo,Ficção,Israel,Estrangeira,Elite Filmes,Distribuição Nacional,294.0,4880.0
98,2019,Amor À Segunda Vista,Ficção,"Bélgica, França",Estrangeira,Bonfilm,Distribuição Nacional,18505.0,286175.0
99,2019,Amores De Chumbo,Ficção,Brasil,Brasileira,Elo Company,Distribuição Nacional,73.0,425.0
100,2019,Angry Birds 2 - O Filme,Animação,"Estados Unidos, Finlândia",Estrangeira,Sony,Distribuição Internacional,891264.0,12436382.0
101,2019,Animais Fantásticos: Os Crimes De Grindelwald,Ficção,"Estados Unidos, Reino Unido",Estrangeira,Warner,Distribuição Internacional,1071.0,16148.0
102,2019,Anna - O Perigo Tem Nome,Ficção,França,Estrangeira,Paris,Distribuição Nacional,100442.0,1704122.0
103,2019,Annabelle 3: De Volta Para Casa,Ficção,Estados Unidos,Estrangeira,Warner,Distribuição Internacional,1782048.0,26401779.0
104,2019,Anos 90,Ficção,Estados Unidos,Estrangeira,Diamond Films,Distribuição Nacional,3854.0,60885.0
105,2019,Antes Que Tudo Desapareça,Ficção,Japão,Estrangeira,Zeta Filmes,Distribuição Nacional,4.0,28.0
106,2019,Antártica Por Um Ano,Documentário,Brasil,Brasileira,E.H. Produções,Distribuição Nacional,484.0,7712.0
107,2019,Antônio Um Dois Três,Ficção,Brasil,Brasileira,Olhar Distribuição,Distribuição Nacional,742.0,7984.0
108,2019,Aquaman,Ficção,Estados Unidos,Estrangeira,Warner,Distribuição Internacional,2919358.0,46807467.0
109,2019,Aquarius,Ficção,"Brasil, França",Brasileira,Vitrine Filmes,Distribuição Nacional,158.0,1366.0
110,2019,Arranha-Céu : Coragem Sem Limite,Ficção,Estados Unidos,Estrangeira,Universal,Distribuição Internacional,64.0,512.0
111,2019,Arábia,Ficção,Brasil,Brasileira,Embaúba Filmes/Pique-Bandeira Filmes,Distribuição Nacional,31.0,252.0
112,2019,As Boas Maneiras,Ficção,"França, Brasil",Brasileira,Imovision,Distribuição Nacional,26.0,232.0
113,2019,As Filhas Do Fogo,Ficção,Argentina,Estrangeira,Vitrine Filmes,Distribuição Nacional,6089.0,73723.0
114,2019,As Golpistas,Ficção,Estados Unidos,Estrangeira,Diamond Films,Distribuição Nacional,216825.0,3358896.0
115,2019,As Hiper Mulheres,Documentário,Brasil,Brasileira,Vitrine Filmes,Distribuição Nacional,15.0,166.0
116,2019,As Loucuras De Rose,Ficção,Reino Unido,Estrangeira,Diamond Films,Distribuição Nacional,1447.0,22428.0
117,2019,As Montanhas Se Separam,Ficção,"China, França, Japão",Estrangeira,Imovision,Distribuição Nacional,27.0,175.0
118,2019,As Panteras,Ficção,Estados Unidos,Estrangeira,Sony,Distribuição Internacional,453400.0,6866235.0
119,2019,As Rainhas Da Torcida,Ficção,"Estados Unidos, Reino Unido",Estrangeira,Diamond Films,Distribuição Nacional,13493.0,245774.0
120,2019,As Trapaceiras,Ficção,Estados Unidos,Estrangeira,Universal,Distribuição Internacional,90457.0,1581720.0
121,2019,As Viúvas,Ficção,Estados Unidos,Estrangeira,Fox,Distribuição Internacional,271.0,4376.0
122,2019,Asako I & Ii,Ficção,"França, Japão",Estrangeira,Zeta Filmes,Distribuição Nacional,1937.0,23600.0
123,2019,Aspirantes,Ficção,Brasil,Brasileira,Ciclorama Filmes,Distribuição Nacional,382.0,5223.0
124,2019,Assunto De Família,Ficção,Japão,Estrangeira,Imovision,Distribuição Nacional,60226.0,971384.0
126,2019,Ayka,Ficção,"Alemanha, Cazaquistão, China, França, Polônia, Rússia",Estrangeira,Zeta Filmes,Distribuição Nacional,1512.0,18670.0
127,2019,Azougue Nazaré,Ficção,Brasil,Brasileira,Inquieta Cinema Cultura e Comunicação,Distribuição Nacional,4145.0,36555.0
128,2019,B.O.,Ficção,Brasil,Brasileira,Raccord Produções,Distribuição Nacional,786.0,11535.0
129,2019,Bacurau,Ficção,"França, Brasil",Brasileira,Vitrine Filmes,Distribuição Nacional,735191.0,11284729.0
130,2019,Baronesa,Documentário,Brasil,Brasileira,Vitrine Filmes,Distribuição Nacional,152.0,880.0
131,2019,Bate Coração,Ficção,Brasil,Brasileira,Downtown,Distribuição Nacional,5864.0,94671.0
132,2019,Beatriz,Ficção,"Portugal, Brasil",Brasileira,Anagrama Filmes,Distribuição Nacional,1217.0,16103.0
133,2019,Benzinho,Ficção,"Brasil, Uruguai",Brasileira,Vitrine Filmes,Distribuição Nacional,355.0,2347.0
134,2019,Bio,Ficção,Brasil,Brasileira,Bretz Filmes,Distribuição Nacional,896.0,13374.0
135,2019,Bixa Travesty,Documentário,Brasil,Brasileira,Arteplex,Distribuição Nacional,6591.0,43560.0
136,2019,Blitz,Ficção,Brasil,Brasileira,Pandora Filmes,Distribuição Nacional,253.0,2391.0
137,2019,Boas Intenções,Ficção,França,Estrangeira,Pandora Filmes,Distribuição Nacional,6491.0,99950.0
138,2019,Bohemian Rhapsody,Ficção,Estados Unidos,Estrangeira,Fox,Distribuição Internacional,174442.0,3537075.0
139,2019,Border,Ficção,"Dinamarca, Suécia",Estrangeira,Arteplex,Distribuição Nacional,29347.0,513889.0
140,2019,Borrasca,Ficção,Brasil,Brasileira,Fênix Filmes/Tucumán,Distribuição Nacional,309.0,4358.0
141,2019,Brightburn - Filho Das Trevas,Ficção,Estados Unidos,Estrangeira,Sony,Distribuição Internacional,77584.0,1162959.0
142,2019,Brincando Com Fogo,Ficção,Estados Unidos,Estrangeira,Paramount,Distribuição Internacional,310681.0,4080813.0
143,2019,Brinquedo Assassino,Ficção,Estados Unidos,Estrangeira,Imagem,Distribuição Nacional,270135.0,4006857.0
144,2019,Brooklyn Sem Pai Nem Mãe,Ficção,Estados Unidos,Estrangeira,Warner,Distribuição Internacional,10270.0,234797.0
145,2019,Bruna Surfistinha,Ficção,Brasil,Brasileira,Imagem/RioFilme,Distribuição Nacional,19.0,95.0
146,2019,Bumblebee,Ficção,Estados Unidos,Estrangeira,Paramount,Distribuição Internacional,895771.0,12929065.0
147,2019,Cachorros,Ficção,"Chile, França",Estrangeira,Imovision,Distribuição Nacional,10.0,56.0
148,2019,Cadáver,Ficção,Estados Unidos,Estrangeira,Sony,Distribuição Internacional,2332.0,23052.0
149,2019,"Cadê Você, Bernadette?",Ficção,Estados Unidos,Estrangeira,Imagem,Distribuição Nacional,28825.0,629229.0
150,2019,Cafarnaum,Ficção,Líbano,Estrangeira,Sony,Distribuição Internacional,56099.0,894546.0
151,2019,Calmaria,Ficção,Estados Unidos,Estrangeira,Diamond Films,Distribuição Nacional,24033.0,486033.0
152,2019,Caminhos Magnéticos,Ficção,"Portugal, Brasil",Brasileira,Esfera Produções,Distribuição Nacional,92.0,1082.0
153,2019,Camocim,Documentário,Brasil,Brasileira,Vitrine Filmes,Distribuição Nacional,55.0,165.0
154,2019,Capitã Marvel,Ficção,Estados Unidos,Estrangeira,Disney,Distribuição Internacional,8991777.0,146759329.0
155,2019,Carcereiros - O Filmes,Ficção,Brasil,Brasileira,Imagem,Distribuição Nacional,193356.0,2621887.0
156,2019,Carros 3,Animação,Estados Unidos,Estrangeira,Disney,Distribuição Internacional,50.0,365.0
157,2019,Carta Para Além Dos Muros,Documentário,Brasil,Brasileira,Descoloniza Filmes,Distribuição Nacional,3898.0,45935.0
159,2019,Carvana,Documentário,Brasil,Brasileira,Mac Comunicação,Distribuição Nacional,22.0,84.0
160,2019,Casal Improvável,Ficção,Estados Unidos,Estrangeira,Paris,Distribuição Nacional,129350.0,2413461.0
161,2019,Cats,Ficção,"Estados Unidos, Reino Unido",Estrangeira,Universal,Distribuição Internacional,44063.0,916398.0
162,2019,Caverna Dos Sonhos Esquecidos,Documentário,"Alemanha, Canadá, Estados Unidos, França, Reino Unido",Estrangeira,Zeta Filmes,Distribuição Nacional,70.0,1035.0
163,2019,Cemitério Maldito,Ficção,Estados Unidos,Estrangeira,Paramount,Distribuição Internacional,550885.0,8395749.0
164,2019,Central Do Brasil,Ficção,Brasil,Brasileira,Videofilmes,Distribuição Nacional,263.0,2652.0
165,2019,Cezanne E Eu,Ficção,"Bélgica, França",Estrangeira,Bretz Filmes,Distribuição Nacional,19150.0,337341.0
166,2019,Chega De Fiu Fiu,Documentário,Brasil,Brasileira,Taturana,Distribuição Nacional,164.0,799.0
167,2019,Chorar De Rir,Ficção,Brasil,Brasileira,Warner,Distribuição Internacional,82715.0,1250625.0
168,2019,Chuva É Cantoria Na Aldeia Dos Mortos,Ficção,"Brasil, Portugal",Brasileira,Embaúba Filmes,Distribuição Nacional,3815.0,42917.0
169,2019,Chá Com As Damas,Documentário,Reino Unido,Estrangeira,Supo Mungam Films,Distribuição Nacional,2183.0,28337.0
170,2019,Cinderela E O Príncipe Secreto,Animação,Estados Unidos,Estrangeira,Imagem,Distribuição Nacional,117.0,2188.0
171,2019,Cinderela Pop,Ficção,Brasil,Brasileira,Vitrine Filmes,Distribuição Nacional,476714.0,6433928.0
172,2019,Cine Holliúdy 2 - A Chibata Sideral,Ficção,Brasil,Brasileira,Downtown,Distribuição Nacional,169970.0,2479403.0
173,2019,Cine São Paulo,Documentário,Brasil,Brasileira,Taturana,Distribuição Nacional,438.0,3253.0
174,2019,Climax,Ficção,França,Estrangeira,Imovision,Distribuição Nacional,10244.0,165276.0
175,2019,Colette,Ficção,"Estados Unidos, Reino Unido",Estrangeira,Diamond Films,Distribuição Nacional,12853.0,194161.0
176,2019,"Com Amor, Simon",Ficção,Estados Unidos,Estrangeira,Fox,Distribuição Internacional,273.0,2923.0
177,2019,Como Treinar O Seu Dragão 3,Animação,Estados Unidos,Estrangeira,Universal,Distribuição Internacional,3940204.0,58484475.0
178,2019,Como Treinar Seu Dragão 2,Animação,Estados Unidos,Estrangeira,Disney,Distribuição Internacional,509.0,5202.0
179,2019,Compra-Me Um Revólver,Ficção,México,Estrangeira,Pandora Filmes,Distribuição Nacional,2178.0,33813.0
180,2019,"Conquistar, Amar E Viver Intensamente",Ficção,França,Estrangeira,Imovision,Distribuição Nacional,4132.0,53723.0
181,2019,Coringa,Ficção,"Canadá, Estados Unidos",Estrangeira,Warner,Distribuição Internacional,9746101.0,156781766.0
182,2019,Creed Ii,Ficção,Estados Unidos,Estrangeira,Warner,Distribuição Internacional,675952.0,10549383.0
183,2019,Crime Sem Saída,Ficção,Estados Unidos,Estrangeira,Galeria Distribuidora,Distribuição Nacional,231238.0,3386306.0
184,2019,Crimes Obscuros,Ficção,"Estados Unidos, Polônia, Reino Unido",Estrangeira,Cinecolor Do Brasil,Distribuição Nacional,22378.0,344513.0
185,2019,Crítico,Documentário,Brasil,Brasileira,Vitrine Filmes,Distribuição Nacional,86.0,555.0
186,2019,Cubatão - A Volta Do Guará Vermelho,Documentário,Brasil,Brasileira,Raiz Distribuidora,Distribuição Nacional,143.0,715.0
187,2019,Culpa,Ficção,Dinamarca,Estrangeira,Califórnia,Distribuição Nacional,35358.0,581136.0
188,2019,Cyrano - Mon Amour,Ficção,"Bélgica, França",Estrangeira,A2 Filmes,Distribuição Nacional,12334.0,180515.0
189,2019,Cópias - De Volta À Vida,Ficção,Estados Unidos,Estrangeira,Paris,Distribuição Nacional,35467.0,598598.0
190,2019,D.P.A. - Detetives do Prédio Azul,Ficção,Brasil,Brasileira,Downtown/Paris,Distribuição Nacional,14.0,152.0
191,2019,Dafne,Ficção,Itália,Estrangeira,Pagu Pictures,Distribuição Nacional,3244.0,48459.0
192,2019,De Peito Aberto,Documentário,Brasil,Brasileira,Pagu Pictures,Distribuição Nacional,1113.0,17936.0
193,2019,De Pernas Pro Ar 3,Ficção,Brasil,Brasileira,Downtown/Paris,Distribuição Nacional,1838298.0,28463297.0
194,2019,De Repente Uma Família,Ficção,Estados Unidos,Estrangeira,Paramount,Distribuição Internacional,499.0,9654.0
195,2019,Deadpool 2,Ficção,Estados Unidos,Estrangeira,Fox,Distribuição Internacional,111.0,1948.0
196,2019,Depois Da Tempestade,Ficção,Japão,Estrangeira,Imovision,Distribuição Nacional,42.0,280.0
197,2019,Depois Do Casamento,Ficção,Estados Unidos,Estrangeira,Diamond Films,Distribuição Nacional,36710.0,829117.0
198,2019,Depois Do Fim,Documentário,Brasil,Brasileira,Lança Filmes,Distribuição Nacional,584.0,6202.0
199,2019,Desafio De Um Campeão,Ficção,Itália,Estrangeira,Arteplex,Distribuição Nacional,1965.0,34225.0
200,2019,Deslembro,Ficção,Brasil,Brasileira,Imovision,Distribuição Nacional,16500.0,250186.0
201,2019,Detetives do Prédio Azul 2 - O Mistério Italiano,Ficção,Brasil,Brasileira,Paris,Distribuição Nacional,442552.0,5690622.0
202,2019,Deus Não Esta Morto: Uma Luz Na Escuridão,Ficção,Estados Unidos,Estrangeira,Califórnia,Distribuição Nacional,216.0,1572.0
204,2019,Diamantino,Ficção,"Brasil, França, Portugal",Brasileira,Vitrine Filmes,Distribuição Nacional,1630.0,19725.0
205,2019,Diante Dos Meus Olhos,Documentário,Brasil,Brasileira,Pique-Bandeira Filmes,Distribuição Nacional,157.0,1379.0
206,2019,Dias Vazios,Ficção,Brasil,Brasileira,Olhar Distribuição,Distribuição Nacional,1456.0,16511.0
207,2019,Divaldo – O Mensageiro Da Paz,Ficção,Brasil,Brasileira,Disney,Distribuição Internacional,430704.0,6807617.0
208,2019,Divinas Divas,Documentário,Brasil,Brasileira,Vitrine Filmes,Distribuição Nacional,1.0,15.0
209,2019,Divino Amor,Ficção,"Brasil, Dinamarca, Noruega, Uruguai",Brasileira,Vitrine Filmes,Distribuição Nacional,35730.0,445821.0
210,2019,Diz A Ela Que Me Viu Chorar,Documentário,Brasil,Brasileira,Vitrine Filmes,Distribuição Nacional,1952.0,14054.0
211,2019,Diários De Classe,Documentário,Brasil,Brasileira,Elo Company,Distribuição Nacional,1907.0,16559.0
212,2019,Djon África,Ficção,"Brasil, Cabo Verde, Portugal",Brasileira,Vitrine Filmes,Distribuição Nacional,52.0,156.0
213,2019,Dogman,Ficção,"França, Itália",Estrangeira,Arteplex,Distribuição Nacional,5277.0,88823.0
214,2019,Dois Papas,Ficção,"Argentina, Estados Unidos, Itália, Reino Unido",Estrangeira,O2 Play,Distribuição Nacional,17767.0,295113.0
215,2019,Domingo,Ficção,"Brasil, França",Brasileira,Arthouse,Distribuição Nacional,2666.0,33405.0
216,2019,Dor E Glória,Ficção,Espanha,Estrangeira,Universal,Distribuição Internacional,219945.0,4159543.0
217,2019,Dora E A Cidade Perdida,Ficção,"Austrália, Estados Unidos",Estrangeira,Paramount,Distribuição Internacional,594019.0,8909795.0
218,2019,Doutor Sono,Ficção,Estados Unidos,Estrangeira,Warner,Distribuição Internacional,301443.0,4900013.0
219,2019,Downtown Abbey,Ficção,Reino Unido,Estrangeira,Universal,Distribuição Internacional,107645.0,2469095.0
220,2019,Dragon Ball Super: Broly,Animação,Japão,Estrangeira,Fox,Distribuição Internacional,1293065.0,18119055.0
222,2019,Duas Rainhas,Ficção,Reino Unido,Estrangeira,Universal,Distribuição Internacional,81549.0,1778642.0
223,2019,Duda E Os Gnomos,Animação,Estados Unidos,Estrangeira,Imagem,Distribuição Nacional,297.0,2508.0
224,2019,Dumbo,Ficção,Estados Unidos,Estrangeira,Disney,Distribuição Internacional,1849624.0,29682018.0
225,2019,El Hombre Que Cuida,Ficção,"Brasil, Porto Rico, República Dominicana",Brasileira,Esfera Produções,Distribuição Nacional,491.0,6906.0
226,2019,"Ela Disse, Ele Disse",Ficção,Brasil,Brasileira,Imagem,Distribuição Nacional,244984.0,3457573.0
227,2019,Elegia De Um Crime,Documentário,Brasil,Brasileira,Vitrine Filmes,Distribuição Nacional,866.0,7323.0
228,2019,Eleições,Documentário,Brasil,Brasileira,Olhar Distribuição,Distribuição Nacional,2675.0,22088.0
230,2019,Em Chamas,Ficção,Coréia do Sul,Estrangeira,Pandora Filmes,Distribuição Nacional,3012.0,41422.0
231,2019,Em Trânsito,Ficção,"Alemanha, França",Estrangeira,Supo Mungam Films,Distribuição Nacional,774.0,10802.0
232,2019,Emma E As Cores Da Vida,Ficção,"França, Itália, Suíça",Estrangeira,Espaço Filmes,Distribuição Nacional,8807.0,137958.0
233,2019,Encantado,Animação,"Canadá, Estados Unidos",Estrangeira,Imagem,Distribuição Nacional,785.0,7276.0
234,2019,Encontro De Casais,Ficção,Estados Unidos,Estrangeira,Universal,Distribuição Internacional,52.0,1874.0
235,2019,Encontros,Ficção,França,Estrangeira,Imovision,Distribuição Nacional,25535.0,444556.0
236,2019,Entardecer,Ficção,"França, Hungria",Estrangeira,Califórnia,Distribuição Nacional,16598.0,291788.0
237,2019,Entre Facas E Segredos,Ficção,Estados Unidos,Estrangeira,Paris,Distribuição Nacional,470691.0,8330101.0
238,2019,Entre Tempos,Ficção,Itália,Estrangeira,Cineart Filmes,Distribuição Nacional,5697.0,92075.0
239,2019,Entrevista Com Deus,Ficção,Estados Unidos,Estrangeira,Imagem,Distribuição Nacional,127.0,1485.0
240,2019,Era O Hotel Cambridge,Ficção,"Brasil, Espanha, França",Brasileira,Vitrine Filmes,Distribuição Nacional,52.0,270.0
241,2019,Era Uma Vez Em Hollywood,Ficção,Estados Unidos,Estrangeira,Sony,Distribuição Internacional,737582.0,14332441.0
242,2019,Era Uma Vez Um Deadpool,Ficção,Estados Unidos,Estrangeira,Fox,Distribuição Internacional,10076.0,138360.0
243,2019,Escape Room,Ficção,Estados Unidos,Estrangeira,Sony,Distribuição Internacional,528354.0,7948397.0
244,2019,Espero Tua (Re)Volta,Documentário,Brasil,Brasileira,Taturana,Distribuição Nacional,2834.0,19738.0
245,2019,Espírito Jovem,Ficção,"Estados Unidos, Reino Unido",Estrangeira,Diamond Films,Distribuição Nacional,1284.0,19321.0
246,2019,Estaremos Sempre Juntos,Ficção,"Bélgica, França",Estrangeira,Imovision,Distribuição Nacional,8148.0,139909.0
247,2019,Estação Do Diabo,Ficção,Filipinas,Estrangeira,Zeta Filmes,Distribuição Nacional,253.0,2934.0
248,2019,Estou Me Guardando Para Quando O Carnaval Chegar,Documentário,Brasil,Brasileira,Vitrine Filmes,Distribuição Nacional,10561.0,82168.0
249,2019,Eu Acredito,Ficção,Estados Unidos,Estrangeira,Imagem,Distribuição Nacional,24433.0,346306.0
250,2019,Eu Não Sou Uma Bruxa,Ficção,"França, Reino Unido, Zâmbia",Estrangeira,Imovision,Distribuição Nacional,3996.0,58320.0
251,2019,Eu Sinto Muito,Ficção,Brasil,Brasileira,Elo Company,Distribuição Nacional,2860.0,27359.0
252,2019,Eu Sou Brasileiro,Ficção,Brasil,Brasileira,Elo Company,Distribuição Nacional,1512.0,14194.0
253,2019,Eu Sou Mais Eu,Ficção,Brasil,Brasileira,Imagem,Distribuição Nacional,126718.0,1704761.0
254,2019,Eu Só Posso Imaginar,Ficção,Estados Unidos,Estrangeira,Paris,Distribuição Nacional,120.0,874.0
255,2019,Euforia,Ficção,Itália,Estrangeira,Espaço Filmes,Distribuição Nacional,2018.0,34427.0
256,2019,Excelentíssimos,Documentário,Brasil,Brasileira,Vitrine Filmes,Distribuição Nacional,261.0,1165.0
257,2019,Extraordinário,Ficção,Estados Unidos,Estrangeira,Paris,Distribuição Nacional,4849.0,34901.0
258,2019,Feliz Aniversário,Ficção,"Bélgica, França",Estrangeira,Imovision,Distribuição Nacional,8748.0,156351.0
259,2019,Fernando,Documentário,Brasil,Brasileira,Olhar Distribuição,Distribuição Nacional,281.0,3857.0
260,2019,Ferrugem,Ficção,Brasil,Brasileira,Olhar Distribuição,Distribuição Nacional,72.0,435.0
261,2019,Fevereiros,Documentário,Brasil,Brasileira,Arthouse,Distribuição Nacional,18198.0,237905.0
262,2019,Filhas Do Sol,Ficção,"Bélgica, França, Geórgia, Suíça",Estrangeira,Califórnia,Distribuição Nacional,2456.0,38144.0
263,2019,Filhos Do Pai Eterno,Documentário,Brasil,Brasileira,Imagem,Distribuição Nacional,16.0,278.0
264,2019,Filme Paisagem - Um Olhar Sobre Roberto Burle Marx,Documentário,Brasil,Brasileira,Elo Company,Distribuição Nacional,345.0,5607.0
265,2019,Finalmente Livres,Ficção,França,Estrangeira,Califórnia,Distribuição Nacional,1417.0,24128.0
266,2019,Fogo Contra Fogo - A História De Solomon Mahlangu,Ficção,África do Sul,Estrangeira,Elite Filmes,Distribuição Nacional,120.0,1225.0
267,2019,Fora De Série,Ficção,Estados Unidos,Estrangeira,Imagem,Distribuição Nacional,9695.0,141663.0
268,2019,Ford Vs Ferrari,Ficção,Estados Unidos,Estrangeira,Disney,Distribuição Internacional,289247.0,5865540.0
269,2019,Foro Íntimo,Ficção,Brasil,Brasileira,Embaúba Filmes,Distribuição Nacional,559.0,7178.0
270,2019,Fourteen,Ficção,Estados Unidos,Estrangeira,Zeta Filmes,Distribuição Nacional,871.0,12083.0
271,2019,Frans Krajcberg: Manifesto,Documentário,Brasil,Brasileira,Lauper,Distribuição Nacional,1715.0,17690.0
272,2019,Galaxias,Documentário,Brasil,Brasileira,Gávea Filmes e Produções,Distribuição Nacional,47.0,288.0
273,2019,Gloria Bell,Ficção,Estados Unidos,Estrangeira,Sony,Distribuição Internacional,30889.0,569879.0
274,2019,Godzilla Ii – Rei Dos Monstros,Ficção,Estados Unidos,Estrangeira,Warner,Distribuição Internacional,531661.0,8406747.0
275,2019,Graças A Deus,Ficção,"Bélgica, França",Estrangeira,Califórnia,Distribuição Nacional,7011.0,119907.0
276,2019,Green Book - O Guia,Ficção,Estados Unidos,Estrangeira,Diamond Films,Distribuição Nacional,620789.0,12754466.0
277,2019,Greta,Ficção,Brasil,Brasileira,Pandora Filmes,Distribuição Nacional,7927.0,100614.0
278,2019,Gritos e Sussurros,Ficção,Suécia,Estrangeira,F. J. Cines,Distribuição Nacional,105.0,1024.0
279,2019,Guardiões Da Galáxia Vol. 2,Ficção,Estados Unidos,Estrangeira,Disney,Distribuição Internacional,16.0,160.0
280,2019,Guaxuma,Documentário,"Brasil, França",Estrangeira,Espaço Filmes,Distribuição Nacional,263.0,2981.0
281,2019,Guerra Fria,Ficção,"França, Polônia, Reino Unido",Estrangeira,Califórnia,Distribuição Nacional,48652.0,778664.0
282,2019,Happy Hour,Ficção,"Argentina, Brasil",Brasileira,Imovision,Distribuição Nacional,3049.0,47688.0
283,2019,Hebe - A Estrela Do Brasil,Ficção,Brasil,Brasileira,Warner,Distribuição Internacional,117058.0,1986774.0
284,2019,Hellboy,Ficção,Estados Unidos,Estrangeira,Imagem,Distribuição Nacional,172859.0,2582744.0
285,2019,Henfil,Documentário,Brasil,Brasileira,O2 Play,Distribuição Nacional,364.0,2591.0
286,2019,Hereditário,Ficção,Estados Unidos,Estrangeira,Diamond Films,Distribuição Nacional,166.0,1525.0
287,2019,Histórias Assustadoras: Para Contar No Escuro,Ficção,Estados Unidos,Estrangeira,Diamond Films,Distribuição Nacional,185207.0,2704838.0
288,2019,Histórias Estranhas,Ficção,Brasil,Brasileira,Elo Company,Distribuição Nacional,780.0,7970.0
289,2019,Homem Comum,Documentário,Brasil,Brasileira,Vitrine Filmes,Distribuição Nacional,70.0,459.0
290,2019,Homem Livre,Ficção,Brasil,Brasileira,Olhar Distribuição,Distribuição Nacional,1411.0,14378.0
291,2019,Homem-Aranha Longe De Casa,Ficção,Estados Unidos,Estrangeira,Sony,Distribuição Internacional,6555353.0,106552456.0
292,2019,Homem-Aranha No Aranhaverso,Animação,Estados Unidos,Estrangeira,Sony,Distribuição Internacional,2057620.0,31259777.0
293,2019,Homem-Aranha: De Volta ao Lar,Ficção,Estados Unidos,Estrangeira,Sony,Distribuição Internacional,244.0,3142.0
294,2019,Homem-Formiga E A Vespa,Ficção,Estados Unidos,Estrangeira,Disney,Distribuição Internacional,574.0,4203.0
295,2019,Horácio,Ficção,Brasil,Brasileira,O2 Play,Distribuição Nacional,1211.0,17273.0
296,2019,Hotel Mumbai,Ficção,"Austrália, Estados Unidos",Estrangeira,Imagem,Distribuição Nacional,78873.0,1789611.0
297,2019,Hotel Transilvânia 3: Férias Monstruosas,Animação,Estados Unidos,Estrangeira,Sony,Distribuição Internacional,3291.0,22819.0
298,2019,Humberto Mauro,Documentário,Brasil,Brasileira,Di Mauro Cultura E Arte Producoes Artisticas,Distribuição Nacional,273.0,3149.0
299,2019,Ilha Dos Cachorros,Animação,"Alemanha, Estados Unidos",Estrangeira,Fox,Distribuição Internacional,4.0,72.0
300,2019,Imagem E Palavra,Ficção,"França, Suíça",Estrangeira,Imovision,Distribuição Nacional,6758.0,109591.0
301,2019,Inezita,Documentário,Brasil,Brasileira,Cultura,Distribuição Nacional,873.0,14982.0
302,2019,Inferninho,Ficção,Brasil,Brasileira,Embaúba Filmes,Distribuição Nacional,3765.0,40215.0
303,2019,Infiltrado Na Klan,Ficção,Estados Unidos,Estrangeira,Universal,Distribuição Internacional,75867.0,1266807.0
304,2019,Inocencia Roubada,Ficção,França,Estrangeira,A2 Filmes,Distribuição Nacional,7901.0,101580.0
305,2019,Intimidade Entre Estranhos,Ficção,Brasil,Brasileira,Vitrine Filmes,Distribuição Nacional,157.0,1026.0
306,2019,Intruso,Ficção,Brasil,Brasileira,Pipa Produções,Distribuição Nacional,4123.0,33932.0
307,2019,Invasão Ao Serviço Secreto,Ficção,Estados Unidos,Estrangeira,Imagem,Distribuição Nacional,485206.0,7642791.0
308,2019,It - Capítulo Dois,Ficção,Estados Unidos,Estrangeira,Warner,Distribuição Internacional,3152655.0,47683860.0
309,2019,It: A Coisa,Ficção,"Canadá, Estados Unidos",Estrangeira,Warner,Distribuição Internacional,1258.0,16921.0
310,2019,Jauja,Ficção,Argentina,Estrangeira,Vitrine Filmes,Distribuição Nacional,40.0,290.0
311,2019,Jesus De Nazaré - O Filho De Deus,Ficção,Espanha,Estrangeira,Vinny Filmes,Distribuição Nacional,2548.0,38528.0
312,2019,Joaquim,Ficção,"Portugal, Brasil",Brasileira,Imovision,Distribuição Nacional,13.0,190.0
313,2019,John Wick 3: Parabellum,Ficção,Estados Unidos,Estrangeira,Paris,Distribuição Nacional,1003691.0,15699846.0
314,2019,"Jorge, O Padroeiro Guerreiro",Documentário,Brasil,Brasileira,Imagem,Distribuição Nacional,44.0,741.0
315,2019,Jorginho Guinle - Só Se Vive Uma Vez,Documentário,Brasil,Brasileira,Pandora Filmes,Distribuição Nacional,966.0,17397.0
316,2019,Jornada Da Vida,Ficção,"França, Senegal",Estrangeira,Califórnia,Distribuição Nacional,26284.0,439702.0
317,2019,Jovens Infelizes Ou Um Homem Que Grita Não É Um Urso Que Dança,Ficção,Brasil,Brasileira,Embaúba Filmes,Distribuição Nacional,237.0,2338.0
318,2019,Jovens Titãs Em Ação! Nos Cinemas,Animação,Estados Unidos,Estrangeira,Warner,Distribuição Internacional,94.0,550.0
319,2019,Judy,Ficção,Reino Unido,Estrangeira,Paris,Distribuição Nacional,268.0,3682.0
320,2019,"Juliet, Nua E Crua",Ficção,Estados Unidos,Estrangeira,Diamond Films,Distribuição Nacional,17.0,85.0
321,2019,Juntos para Sempre,Ficção,Estados Unidos,Estrangeira,Universal,Distribuição Internacional,167212.0,2448584.0
322,2019,Jurassic World - Reino Ameaçado,Ficção,Estados Unidos,Estrangeira,Universal,Distribuição Internacional,3408.0,27147.0
323,2019,Kardec,Ficção,Brasil,Brasileira,Sony,Distribuição Internacional,749256.0,11849901.0
324,2019,Kung Fu Panda 3,Animação,"China, Estados Unidos",Estrangeira,Disney,Distribuição Internacional,348.0,6358.0
325,2019,La Cama,Ficção,"Argentina, Brasil",Brasileira,Livres Filmes,Distribuição Nacional,2068.0,28833.0
326,2019,La Vida Útil - Um Conto de Cinema,Ficção,Uruguai,Estrangeira,Vitrine Filmes,Distribuição Nacional,12.0,40.0
327,2019,Las Acacias,Ficção,"Argentina, Espanha",Estrangeira,Vitrine Filmes,Distribuição Nacional,3.0,36.0
328,2019,Las Ineses,Ficção,"Argentina, Brasil",Brasileira,Okna Produções,Distribuição Nacional,897.0,10802.0
329,2019,Legalidade,Ficção,Brasil,Brasileira,Boulevard Filmes,Distribuição Nacional,15993.0,223306.0
330,2019,Legalize Já - Amizade Nunca Morre,Ficção,Brasil,Brasileira,Imagem,Distribuição Nacional,32.0,160.0
331,2019,Lembro Mais Dos Corvos,Documentário,Brasil,Brasileira,Vitrine Filmes,Distribuição Nacional,1994.0,12111.0
332,2019,Leste Oeste,Ficção,Brasil,Brasileira,Kinopus,Distribuição Nacional,359.0,4611.0
333,2019,Leto,Ficção,"França, Rússia",Estrangeira,Imovision,Distribuição Nacional,84.0,934.0
334,2019,Liberdade É Uma Grande Palavra,Documentário,"Brasil, Uruguai",Brasileira,Elo Company,Distribuição Nacional,36.0,323.0
335,2019,Link Perdido,Animação,"Canadá, Estados Unidos",Estrangeira,Disney,Distribuição Internacional,19735.0,276575.0
336,2019,Lizzie,Ficção,Estados Unidos,Estrangeira,Diamond Films,Distribuição Nacional,10968.0,196214.0
337,2019,Longa Jornada Noite Adentro,Ficção,China,Estrangeira,Zeta Filmes,Distribuição Nacional,1947.0,30227.0
338,2019,Longe Da Árvore,Documentário,Estados Unidos,Estrangeira,Flow Filmes,Distribuição Nacional,4843.0,45470.0
339,2019,Los Silencios,Ficção,"Brasil, Colômbia, França",Brasileira,Vitrine Filmes,Distribuição Nacional,10049.0,138184.0
340,2019,Los Territorios,Documentário,"Argentina, Brasil",Brasileira,Vitrine Filmes,Distribuição Nacional,14.0,32.0
341,2019,Lucky,Ficção,Estados Unidos,Estrangeira,Imovision,Distribuição Nacional,488.0,4760.0
342,2019,Luna,Ficção,Brasil,Brasileira,Cineart Filmes,Distribuição Nacional,1018.0,12400.0
343,2019,Lámen Shop,Ficção,"Cingapura, França, Japão",Estrangeira,Imovision,Distribuição Nacional,34.0,170.0
344,2019,Ma,Ficção,Estados Unidos,Estrangeira,Universal,Distribuição Internacional,35384.0,554368.0
345,2019,Made In Italy,Ficção,Itália,Estrangeira,Espaço Filmes,Distribuição Nacional,4873.0,89849.0
346,2019,Mais Que Vencedores,Ficção,Estados Unidos,Estrangeira,360 Ent.,Distribuição Nacional,746264.0,9634557.0
347,2019,Mal Nosso,Ficção,Brasil,Brasileira,O2 Play,Distribuição Nacional,2333.0,40570.0
348,2019,Maligno,Ficção,"Estados Unidos, Hong Kong",Estrangeira,Imagem,Distribuição Nacional,187777.0,2801442.0
349,2019,Malévola: Dona Do Mal,Ficção,Estados Unidos,Estrangeira,Disney,Distribuição Internacional,5786301.0,91400055.0
350,2019,Mama Coronel,Documentário,"Congo, Estados Unidos, França, Holanda",Estrangeira,Vilacine,Distribuição Nacional,190.0,2847.0
351,2019,Mamma Mia! Lá Vamos Nós De Novo,Ficção,Estados Unidos,Estrangeira,Universal,Distribuição Internacional,66.0,3437.0
352,2019,Marcia Haydée,Documentário,Brasil,Brasileira,Anagrama Filmes,Distribuição Nacional,1420.0,23681.0
353,2019,Maria Callas - Em Suas Próprias Palavras,Documentário,França,Estrangeira,Imovision,Distribuição Nacional,3986.0,56822.0
354,2019,Maria Do Caritó,Ficção,Brasil,Brasileira,Imagem,Distribuição Nacional,40922.0,639161.0
355,2019,Martin Eden,Ficção,"Alemanha, França, Itália",Estrangeira,Pagu Pictures,Distribuição Nacional,166.0,2370.0
356,2019,Martírio,Documentário,Brasil,Brasileira,Vitrine Filmes,Distribuição Nacional,11.0,92.0
357,2019,Marés,Ficção,Brasil,Brasileira,Elo Company,Distribuição Nacional,600.0,4332.0
358,2019,Mata Negra,Ficção,Brasil,Brasileira,Elo Company,Distribuição Nacional,199.0,1472.0
359,2019,Matrix,Ficção,"Austrália, Estados Unidos",Estrangeira,Warner,Distribuição Internacional,18260.0,277563.0
360,2019,Maya,Ficção,França,Estrangeira,Zeta Filmes,Distribuição Nacional,3366.0,43523.0
361,2019,Meditation Park,Ficção,Canadá,Estrangeira,Lança Filmes,Distribuição Nacional,4442.0,76070.0
362,2019,Medo Profundo - O Segundo Ataque,Ficção,Reino Unido,Estrangeira,Paris,Distribuição Nacional,153979.0,2122576.0
363,2019,Memórias Da Dor,Ficção,"Bélgica, França, Suíça",Estrangeira,Imovision,Distribuição Nacional,9800.0,161383.0
364,2019,Meu Amigo Enzo,Ficção,Estados Unidos,Estrangeira,Disney,Distribuição Internacional,198956.0,3052917.0
365,2019,Meu Amigo Fela,Documentário,Brasil,Brasileira,O2 Play,Distribuição Nacional,2529.0,36449.0
366,2019,Meu Amor Por Grace,Ficção,Estados Unidos,Estrangeira,Elite Filmes,Distribuição Nacional,244.0,3516.0
367,2019,Meu Anjo,Ficção,França,Estrangeira,Imovision,Distribuição Nacional,121.0,1262.0
368,2019,Meu Bebê,Ficção,"Bélgica, França",Estrangeira,Bonfilm,Distribuição Nacional,1663.0,24440.0
369,2019,Meu Malvado Favorito 3,Animação,Estados Unidos,Estrangeira,Universal,Distribuição Internacional,834.0,6502.0
370,2019,Meu Mundial,Ficção,"Brasil, Uruguai",Brasileira,Bretz Filmes,Distribuição Nacional,415.0,6388.0
371,2019,Meu Nome É Daniel,Documentário,Brasil,Brasileira,Olhar Distribuição,Distribuição Nacional,1429.0,14589.0
372,2019,Meu Querido Filho,Ficção,"Bélgica, França, Qatar, Tunísia",Estrangeira,Pandora Filmes,Distribuição Nacional,7850.0,103345.0
373,2019,Meu Tricolor De Aço,Documentário,Brasil,Brasileira,Estação Luz Filmes,Distribuição Nacional,50.0,649.0
374,2019,Mib: Homens De Preto - Internacional,Ficção,Estados Unidos,Estrangeira,Sony,Distribuição Internacional,982092.0,16333360.0
375,2019,Midsommar,Ficção,Estados Unidos,Estrangeira,Paris,Distribuição Nacional,66073.0,1138236.0
376,2019,Midway - Batalha Em Alto Mar,Ficção,"China, Estados Unidos",Estrangeira,Diamond Films,Distribuição Nacional,136422.0,2273891.0
377,2019,Milagre,Documentário,Brasil,Brasileira,Ivin Films,Distribuição Nacional,1189.0,21474.0
378,2019,Millennium - A Garota Na Teia De Aranha,Ficção,Estados Unidos,Estrangeira,Sony,Distribuição Internacional,18.0,180.0
379,2019,Minha Fama De Mau,Ficção,Brasil,Brasileira,Downtown,Distribuição Nacional,110857.0,1794357.0
380,2019,Minha Filha,Ficção,Itália,Estrangeira,Imovision,Distribuição Nacional,490.0,4078.0
381,2019,Minha Irmã De Paris,Ficção,França,Estrangeira,Pagu Pictures,Distribuição Nacional,1947.0,35107.0
382,2019,Minha Lua De Mel Polonesa,Ficção,França,Estrangeira,Pandora Filmes,Distribuição Nacional,7597.0,121936.0
383,2019,Minha Mãe é uma Peça,Ficção,Brasil,Brasileira,Downtown/Paris,Distribuição Nacional,2877.0,13130.0
384,2019,Minha Mãe é uma Peça 2,Ficção,Brasil,Brasileira,Downtown/Paris,Distribuição Nacional,821.0,6544.0
385,2019,Minha Mãe é uma Peça 3,Ficção,Brasil,Brasileira,Downtown/Paris,Distribuição Nacional,2419335.0,38002653.0
386,2019,Minha Obra-Prima,Ficção,"Argentina, Espanha",Estrangeira,Arteplex,Distribuição Nacional,16888.0,294864.0
387,2019,Minha Vida Em Marte,Ficção,Brasil,Brasileira,Downtown/Paris,Distribuição Nacional,4309790.0,66396078.0
388,2019,Moana - Um Mar De Aventuras,Animação,Estados Unidos,Estrangeira,Disney,Distribuição Internacional,297.0,2327.0
389,2019,Moonlight - Sob A Luz Do Luar,Ficção,Estados Unidos,Estrangeira,Diamond Films,Distribuição Nacional,172.0,2156.0
390,2019,Morangos Silvestres,Ficção,Suécia,Estrangeira,F. J. Cines,Distribuição Nacional,129.0,1230.0
391,2019,Mormaço,Ficção,Brasil,Brasileira,Vitrine Filmes,Distribuição Nacional,2959.0,35123.0
392,2019,Morto Não Fala,Ficção,Brasil,Brasileira,Pagu Pictures,Distribuição Nacional,26574.0,420760.0
393,2019,Muleque Té Doido! - Mais Doido Ainda,Ficção,Brasil,Brasileira,Raça Ruim Filmes,Distribuição Nacional,12471.0,170706.0
394,2019,"Mulheres Armadas, Homens Na Lata",Ficção,França,Estrangeira,Imovision,Distribuição Nacional,357.0,3739.0
395,2019,Mulher-Maravilha,Ficção,"China, Estados Unidos, Hong Kong",Estrangeira,Warner,Distribuição Internacional,146.0,989.0
396,2019,Mulholland Drive - Cidade dos Sonhos,Ficção,"Estados Unidos, França",Estrangeira,Zeta Filmes,Distribuição Nacional,50.0,920.0
397,2019,Museu,Ficção,México,Estrangeira,Supo Mungam Films,Distribuição Nacional,535.0,5887.0
398,2019,"Mussum, Um Filme Do Cacildis",Documentário,Brasil,Brasileira,Elo Company,Distribuição Nacional,2388.0,22916.0
399,2019,Máquinas Mortais,Ficção,"Estados Unidos, Nova Zelândia",Estrangeira,Universal,Distribuição Internacional,331309.0,5256817.0
400,2019,Música Para Quando As Luzes Se Apagam,Documentário,Brasil,Brasileira,Arthouse,Distribuição Nacional,35.0,590.0
401,2019,Nada A Perder 2,Ficção,Brasil,Brasileira,Downtown/Paris,Distribuição Nacional,6189465.0,59750402.0
402,2019,Nasce Uma Estrela,Ficção,Estados Unidos,Estrangeira,Warner,Distribuição Internacional,28396.0,495924.0
403,2019,Neville D'Almeida - Cronista Da Beleza E Do Caos,Documentário,Brasil,Brasileira,Tucumán,Distribuição Nacional,530.0,6436.0
404,2019,"Nico, 1988",Ficção,"Bélgica, Itália",Estrangeira,Supo Mungam Films,Distribuição Nacional,14.0,160.0
405,2019,Nise - O Coração Da Loucura,Ficção,Brasil,Brasileira,Imagem,Distribuição Nacional,14.0,70.0
406,2019,No Coração Do Mundo,Ficção,Brasil,Brasileira,Embaúba Filmes,Distribuição Nacional,430.0,5460.0
407,2019,No Portal Da Eternidade,Ficção,Estados Unidos,Estrangeira,Diamond Films,Distribuição Nacional,64285.0,1199488.0
408,2019,Noite Mágica,Ficção,Itália,Estrangeira,Imovision,Distribuição Nacional,662.0,8232.0
409,2019,Nos Vemos No Paraíso,Ficção,França,Estrangeira,Pandora Filmes,Distribuição Nacional,189.0,2268.0
410,2019,Nosso Lar,Ficção,Brasil,Brasileira,Disney,Distribuição Internacional,667.0,2668.0
411,2019,Nova Amsterdam,Ficção,Brasil,Brasileira,Engady Cine Vídeo,Distribuição Nacional,268.0,4375.0
412,2019,Novas Espécies - A Expedição Do Século,Documentário,"Brasil, Alemanha",Brasileira,Elo Company,Distribuição Nacional,115.0,2118.0
413,2019,Não Mexa Com Ela,Ficção,Israel,Estrangeira,Pagu Pictures,Distribuição Nacional,13037.0,214824.0
414,2019,Não Olhe!,Ficção,Estados Unidos,Estrangeira,Paris,Distribuição Nacional,14523.0,267357.0
415,2019,Nós,Ficção,Estados Unidos,Estrangeira,Universal,Distribuição Internacional,509920.0,8364265.0
416,2019,O Abismo Prateado,Ficção,Brasil,Brasileira,Vitrine Filmes,Distribuição Nacional,5.0,105.0
417,2019,O Abraço Da Serpente,Ficção,"Argentina, Colômbia, Venezuela",Estrangeira,Esfera Produções,Distribuição Nacional,125.0,2030.0
418,2019,O Amante Duplo,Ficção,"Bélgica, França",Estrangeira,Califórnia,Distribuição Nacional,22.0,189.0
419,2019,O Amigo Do Rei,Documentário,Brasil,Brasileira,O2 Play,Distribuição Nacional,1654.0,18921.0
420,2019,O Amor Dá Trabalho,Ficção,Brasil,Brasileira,Downtown,Distribuição Nacional,58666.0,912017.0
421,2019,O Animal Cordial,Ficção,Brasil,Brasileira,Califórnia,Distribuição Nacional,30.0,245.0
422,2019,O Anjo,Ficção,Argentina,Estrangeira,Pagu Pictures,Distribuição Nacional,31212.0,562349.0
423,2019,O Banquete,Ficção,Brasil,Brasileira,Imovision,Distribuição Nacional,5.0,72.0
424,2019,O Bar Luva Dourada,Ficção,"Alemanha, França",Estrangeira,Imovision,Distribuição Nacional,9505.0,153272.0
425,2019,O Beijo No Asfalto,Ficção,Brasil,Brasileira,Arthouse,Distribuição Nacional,3100.0,28032.0
426,2019,O Bom Dinossauro,Animação,Estados Unidos,Estrangeira,Disney,Distribuição Internacional,40.0,791.0
427,2019,O Caravaggio Roubado,Ficção,"França, Itália",Estrangeira,Pagu Pictures,Distribuição Nacional,12876.0,204020.0
428,2019,O Chalé É Uma Ilha Batida De Vento E Chuva,Documentário,Brasil,Brasileira,Bretz Filmes,Distribuição Nacional,333.0,2701.0
429,2019,O Ciclo Da Vida,Ficção,China,Estrangeira,Esfera Produções,Distribuição Nacional,80.0,552.0
430,2019,O Clube Dos Canibais,Ficção,Brasil,Brasileira,Olhar Distribuição,Distribuição Nacional,1949.0,17408.0
431,2019,O Colar De Coralina,Ficção,Brasil,Brasileira,O2 Play,Distribuição Nacional,31.0,229.0
432,2019,O Confeiteiro,Ficção,"Alemanha, Israel",Estrangeira,Imovision,Distribuição Nacional,28778.0,466460.0
433,2019,O Corpo É Nosso!,Documentário,Brasil,Brasileira,O2 Play,Distribuição Nacional,1392.0,14314.0
434,2019,O Enigma Da Rosa,Ficção,Espanha,Estrangeira,Elite Filmes,Distribuição Nacional,2213.0,33274.0
435,2019,O Escândalo,Ficção,"Canadá, Estados Unidos",Estrangeira,Paris,Distribuição Nacional,327.0,4452.0
436,2019,O Exterminador Do Futuro: Destino Sombrio,Ficção,"China, Estados Unidos",Estrangeira,Disney,Distribuição Internacional,1024351.0,16167184.0
437,2019,O Filho Do Homem,Ficção,Brasil,Brasileira,Elo Company,Distribuição Nacional,1335.0,13808.0
438,2019,O Filme Da Minha Vida,Ficção,Brasil,Brasileira,Vitrine Filmes,Distribuição Nacional,9.0,163.0
439,2019,"O Fim Da Viagem, O Começo De Tudo",Ficção,"Japão, Qatar, Uzbequistão",Estrangeira,Zeta Filmes,Distribuição Nacional,2250.0,32378.0
440,2019,O Futuro Adiante,Ficção,Argentina,Estrangeira,Supo Mungam Films,Distribuição Nacional,168.0,1141.0
441,2019,O Galã,Ficção,Brasil,Brasileira,H2O Films,Distribuição Nacional,2128.0,33887.0
442,2019,O Grande Circo Mistico,Ficção,"Brasil, França, Portugal",Brasileira,H2O Films,Distribuição Nacional,360.0,5080.0
443,2019,O Grinch,Animação,"China, Estados Unidos, França, Japão",Estrangeira,Universal,Distribuição Internacional,2466.0,30459.0
444,2019,O Gênio E O Louco,Ficção,Irlanda,Estrangeira,Imagem,Distribuição Nacional,69105.0,1529289.0
445,2019,O Homem Que Matou Don Quixote,Ficção,"Bélgica, Espanha, França, Portugal, Reino Unido",Estrangeira,A2 Filmes,Distribuição Nacional,4568.0,80825.0
446,2019,O Iluminado,Ficção,Estados Unidos,Estrangeira,Warner,Distribuição Internacional,7697.0,100196.0
447,2019,O Incerto Lugar Do Desejo,Documentário,Brasil,Brasileira,Elo Company,Distribuição Nacional,1038.0,18979.0
448,2019,O Irlandês,Ficção,Estados Unidos,Estrangeira,O2 Play,Distribuição Nacional,22828.0,375386.0
449,2019,O Juízo,Ficção,Brasil,Brasileira,Paris,Distribuição Nacional,11561.0,192240.0
450,2019,O Manicômino,Ficção,Alemanha,Estrangeira,Paris,Distribuição Nacional,108975.0,1712519.0
451,2019,O Mau Exemplo De Cameron Post,Ficção,Estados Unidos,Estrangeira,Pandora Filmes,Distribuição Nacional,8815.0,142509.0
452,2019,O Menino Que Fazia Rir,Ficção,Alemanha,Estrangeira,Pandora Filmes,Distribuição Nacional,4574.0,61122.0
453,2019,O Menino Que Queria Ser Rei,Ficção,Estados Unidos,Estrangeira,Fox,Distribuição Internacional,230528.0,3242106.0
454,2019,O Mistério De Henri Pick,Ficção,"Bélgica, França",Estrangeira,A2 Filmes,Distribuição Nacional,12749.0,191584.0
455,2019,O Mistério Do Gato Chinês,Ficção,"China, Japão",Estrangeira,Playarte,Distribuição Nacional,7613.0,138031.0
456,2019,O Médico Indiano,Documentário,Estados Unidos,Estrangeira,Espaço Filmes,Distribuição Nacional,12903.0,222364.0
457,2019,O Nó Do Diabo,Ficção,Brasil,Brasileira,Elo Company,Distribuição Nacional,349.0,3042.0
458,2019,O Olho E A Faca,Ficção,Brasil,Brasileira,Califórnia,Distribuição Nacional,1516.0,21078.0
459,2019,O Ornitólogo,Ficção,"Brasil, França, Portugal",Brasileira,Vitrine Filmes,Distribuição Nacional,166.0,1545.0
460,2019,O Paraíso Deve Ser Aqui,Ficção,"Alemanha, Canadá, França, Qatar, Turquia",Estrangeira,Imovision,Distribuição Nacional,13030.0,249818.0
461,2019,O Parque,Ficção,França,Estrangeira,Zeta Filmes,Distribuição Nacional,9.0,70.0
462,2019,O Parque Dos Sonhos,Animação,Estados Unidos,Estrangeira,Paramount,Distribuição Internacional,776716.0,11838012.0
463,2019,O Peso Do Passado,Ficção,Estados Unidos,Estrangeira,Diamond Films,Distribuição Nacional,19621.0,352161.0
464,2019,O Pintassilgo,Ficção,Estados Unidos,Estrangeira,Warner,Distribuição Internacional,6578.0,128834.0
465,2019,O Primeiro Homem,Ficção,"Estados Unidos, Japão",Estrangeira,Universal,Distribuição Internacional,277.0,2584.0
466,2019,O Processo,Documentário,"Brasil, Alemanha",Brasileira,Vitrine Filmes,Distribuição Nacional,219.0,1413.0
467,2019,O Que Será De Nozes 2,Animação,"Canadá, Coréia do Sul, Estados Unidos",Estrangeira,Diamond Films,Distribuição Nacional,40.0,472.0
468,2019,O Quebra-Cabeça,Ficção,Estados Unidos,Estrangeira,Sony,Distribuição Internacional,191.0,2979.0
469,2019,O Quebra-Nozes E Os Quatro Reinos,Ficção,Estados Unidos,Estrangeira,Disney,Distribuição Internacional,419.0,3795.0
470,2019,O Rei De Roma,Ficção,Itália,Estrangeira,Pagu Pictures,Distribuição Nacional,9912.0,166030.0
471,2019,O Rei do Show,Ficção,Estados Unidos,Estrangeira,Disney,Distribuição Internacional,51.0,2610.0
472,2019,O Rei Leão,Ficção,Estados Unidos,Estrangeira,Disney,Distribuição Internacional,16242804.0,265786968.0
473,2019,O Reino Gelado: A Terra Dos Espelhos,Animação,Rússia,Estrangeira,Galeria Distribuidora,Distribuição Nacional,93991.0,1199028.0
474,2019,O Relatório,Ficção,Estados Unidos,Estrangeira,Diamond Films,Distribuição Nacional,1885.0,40924.0
475,2019,O Retorno De Ben,Ficção,Estados Unidos,Estrangeira,Diamond Films,Distribuição Nacional,27322.0,510506.0
476,2019,O Retorno De Mary Poppins,Ficção,Estados Unidos,Estrangeira,Disney,Distribuição Internacional,109308.0,1899333.0
477,2019,O Sacrifício Do Cervo Sagrado,Ficção,"Irlanda, Reino Unido",Estrangeira,Diamond Films,Distribuição Nacional,56.0,654.0
478,2019,O Sal Da Terra,Documentário,"Brasil, França, Itália",Estrangeira,Imovision,Distribuição Nacional,12.0,255.0
479,2019,O Segredo De Davi,Ficção,Brasil,Brasileira,Elo Company,Distribuição Nacional,27.0,108.0
480,2019,O Silêncio Dos Outros,Documentário,"Canadá, Espanha, Estados Unidos, França",Estrangeira,Supo Mungam Films,Distribuição Nacional,5850.0,91631.0
481,2019,O Sol Também É Uma Estrela,Ficção,Estados Unidos,Estrangeira,Warner,Distribuição Internacional,13790.0,248748.0
482,2019,O Som ao Redor,Ficção,Brasil,Brasileira,Vitrine Filmes,Distribuição Nacional,261.0,1355.0
483,2019,O Sétimo Selo,Ficção,Suécia,Estrangeira,F. J. Cines,Distribuição Nacional,143.0,1368.0
484,2019,O Terceiro Assassinato,Ficção,Japão,Estrangeira,Imovision,Distribuição Nacional,181.0,1164.0
485,2019,O Touro Ferdinando,Animação,Estados Unidos,Estrangeira,Fox,Distribuição Internacional,1521.0,10811.0
486,2019,O Tradutor,Ficção,"Canadá, Cuba",Estrangeira,Galeria Distribuidora,Distribuição Nacional,39659.0,682494.0
487,2019,O Verde Está Do Outro Lado,Documentário,Brasil,Brasileira,Lira Filmes,Distribuição Nacional,537.0,6467.0
488,2019,O Ódio Que Você Semeia,Ficção,Estados Unidos,Estrangeira,Fox,Distribuição Internacional,120.0,1175.0
489,2019,O Último Amor De Casanova,Ficção,França,Estrangeira,Califórnia,Distribuição Nacional,2634.0,44217.0
490,2019,O Último Lance,Ficção,Finlândia,Estrangeira,Cineart Filmes,Distribuição Nacional,3963.0,64457.0
491,2019,O Último Trago,Ficção,Brasil,Brasileira,Lume Produções Cinematográficas,Distribuição Nacional,476.0,5089.0
492,2019,Obsessão,Ficção,"Estados Unidos, Irlanda",Estrangeira,Galeria Distribuidora,Distribuição Nacional,40014.0,677678.0
493,2019,"Onde Está Você, João Gilberto?",Documentário,"Alemanha, França, Suíça",Estrangeira,Imovision,Distribuição Nacional,51.0,967.0
494,2019,Onde Quer Que Você Esteja,Ficção,Brasil,Brasileira,Boulevard Filmes,Distribuição Nacional,514.0,7186.0
495,2019,Organismo,Ficção,Brasil,Brasileira,Inquieta Cinema Cultura e Comunicação,Distribuição Nacional,2112.0,22418.0
496,2019,Os 3 Infernais,Ficção,Estados Unidos,Estrangeira,Paris,Distribuição Nacional,2327.0,38533.0
497,2019,Os Brinquedos Mágicos,Animação,China,Estrangeira,Playarte,Distribuição Nacional,49490.0,728752.0
498,2019,Os Croods,Animação,Estados Unidos,Estrangeira,Disney,Distribuição Internacional,436.0,3907.0
499,2019,Os Dois Filhos De Joseph,Ficção,"Bélgica, França",Estrangeira,Pandora Filmes,Distribuição Nacional,3067.0,51795.0
500,2019,Os Exterminadores Do Além Contra A Loira Do Banheiro,Ficção,Brasil,Brasileira,Vitrine Filmes,Distribuição Nacional,81.0,610.0
501,2019,Os Incríveis 2,Animação,Estados Unidos,Estrangeira,Disney,Distribuição Internacional,230.0,1102.0
502,2019,Os Jovens Baumann,Ficção,Brasil,Brasileira,Vitrine Filmes,Distribuição Nacional,1756.0,11962.0
503,2019,Os Miseráveis,Ficção,França,Estrangeira,Diamond Films,Distribuição Nacional,146.0,3273.0
504,2019,Os Papéis De Aspern,Ficção,"Alemanha, Reino Unido",Estrangeira,A2 Filmes,Distribuição Nacional,658.0,10154.0
505,2019,Os Parças 2,Ficção,Brasil,Brasileira,Paris,Distribuição Nacional,1305768.0,18510213.0
506,2019,Os Pinguins De Madagascar,Animação,Estados Unidos,Estrangeira,Disney,Distribuição Internacional,363.0,3942.0
507,2019,Os Principes,Ficção,Brasil,Brasileira,Cavideo Produções,Distribuição Nacional,133.0,2320.0
508,2019,Padroeiros Oficiais Do Brasil,Documentário,Brasil,Brasileira,Imagem,Distribuição Nacional,11.0,223.0
509,2019,Palace Ii - 3 Quartos Com Vista Para O Mar,Documentário,Brasil,Brasileira,Pagu Pictures,Distribuição Nacional,290.0,5744.0
510,2019,Pantera Negra,Ficção,Estados Unidos,Estrangeira,Disney,Distribuição Internacional,1746.0,20496.0
511,2019,Papicha,Ficção,"Argélia, Bélgica, França, Qatar",Estrangeira,Pandora Filmes,Distribuição Nacional,669.0,8696.0
512,2019,Para Sempre Alice,Ficção,Estados Unidos,Estrangeira,Diamond Films,Distribuição Nacional,267.0,3084.0
513,2019,Parasita,Ficção,Coréia do Sul,Estrangeira,Alpha Filmes,Distribuição Nacional,182297.0,3260561.0
514,2019,Paraíso Perdido,Ficção,Brasil,Brasileira,Vitrine Filmes,Distribuição Nacional,44.0,260.0
515,2019,Paris 8,Ficção,França,Estrangeira,Cineart Filmes,Distribuição Nacional,38.0,220.0
516,2019,Parquelândia,Documentário,Brasil,Brasileira,Taturana,Distribuição Nacional,221.0,1432.0
517,2019,Pastor Cláudio,Documentário,Brasil,Brasileira,Arthouse,Distribuição Nacional,2287.0,26411.0
518,2019,Patrulha Canina: Superfilhotes,Animação,Estados Unidos,Estrangeira,Paris,Distribuição Nacional,483759.0,7120113.0
519,2019,Paulistas,Documentário,Brasil,Brasileira,Vitrine Filmes,Distribuição Nacional,13.0,26.0
520,2019,Paulo - Apóstolo De Cristo,Ficção,Estados Unidos,Estrangeira,Sony,Distribuição Internacional,241.0,1663.0
521,2019,Paulo De Tarso E A História Do Cristianismo Primitivo,Documentário,Brasil,Brasileira,A2 Filmes,Distribuição Nacional,4221.0,73153.0
522,2019,Pavarotti,Documentário,"Estados Unidos, Reino Unido",Estrangeira,Cinecolor Do Brasil,Distribuição Nacional,1423.0,25767.0
523,2019,Pedro Coelho,Animação,"Austrália, Estados Unidos",Estrangeira,Sony,Distribuição Internacional,819.0,5962.0
524,2019,Pegando Fogo,Ficção,Estados Unidos,Estrangeira,Paris,Distribuição Nacional,68.0,4004.0
525,2019,Pela Janela,Ficção,"Argentina, Brasil",Brasileira,Vitrine Filmes,Distribuição Nacional,130.0,943.0
526,2019,Pendular,Ficção,"Argentina, Brasil, França",Brasileira,Vitrine Filmes,Distribuição Nacional,8.0,100.0
527,2019,Permanência,Ficção,Brasil,Brasileira,Vitrine Filmes,Distribuição Nacional,48.0,408.0
528,2019,Peterloo,Ficção,Reino Unido,Estrangeira,Diamond Films,Distribuição Nacional,1734.0,33279.0
529,2019,Pets: A Vida Secreta Dos Bichos 2,Ficção,"Estados Unidos, França, Japão",Estrangeira,Universal,Distribuição Internacional,1923826.0,27680064.0
530,2019,Playmobil - O Filme,Animação,"Alemanha, França",Estrangeira,Paris,Distribuição Nacional,211686.0,3155344.0
531,2019,Playtime - Tempo De Diversão,Ficção,"França, Itália",Estrangeira,F. J. Cines,Distribuição Nacional,268.0,2916.0
532,2019,Po,Ficção,Estados Unidos,Estrangeira,Cineart Filmes,Distribuição Nacional,251.0,2672.0
533,2019,Poderia Me Perdoar?,Ficção,Estados Unidos,Estrangeira,Fox,Distribuição Internacional,9334.0,151599.0
534,2019,Podres De Ricos,Ficção,Estados Unidos,Estrangeira,Warner,Distribuição Internacional,126.0,1268.0
535,2019,Pokémon Detetive Pikachu,Ficção,Estados Unidos,Estrangeira,Warner,Distribuição Internacional,1136105.0,17798274.0
536,2019,Praça Pública,Ficção,França,Estrangeira,Imovision,Distribuição Nacional,3425.0,55085.0
537,2019,Predadores Assassinos,Ficção,Estados Unidos,Estrangeira,Paramount,Distribuição Internacional,230120.0,3420805.0
538,2019,Projeto Flórida,Ficção,Estados Unidos,Estrangeira,Diamond Films,Distribuição Nacional,31.0,224.0
539,2019,Projeto Gemini,Ficção,"China, Estados Unidos",Estrangeira,Paramount,Distribuição Internacional,821564.0,13510090.0
540,2019,Pyewacket – Entidade Maligna,Ficção,Canadá,Estrangeira,Cinecolor Do Brasil,Distribuição Nacional,2630.0,38337.0
541,2019,Pássaros De Verão,Ficção,"Alemanha, Colômbia, Dinamarca, França, México, Suíça",Estrangeira,Arteplex,Distribuição Nacional,7377.0,124339.0
542,2019,Pépequeno,Animação,Estados Unidos,Estrangeira,Warner,Distribuição Internacional,4029.0,30180.0
543,2019,Quando Duas Mulheres Pecam,Ficção,Suécia,Estrangeira,F. J. Cines,Distribuição Nacional,116.0,1336.0
544,2019,Quando Margot Encontra Margot,Ficção,França,Estrangeira,Pandora Filmes,Distribuição Nacional,6041.0,101740.0
545,2019,Quase Samba,Ficção,Brasil,Brasileira,Vitrine Filmes,Distribuição Nacional,9.0,55.0
546,2019,Queen - Bohemian Rhapsody,Ficção,Estados Unidos,Estrangeira,Disney,Distribuição Internacional,15.0,32.0
547,2019,Quem Mora Lá,Documentário,Brasil,Brasileira,Califórnia/Taturana,Distribuição Nacional,26.0,50.0
548,2019,Quem Você Pensa Que Sou,Ficção,"Bélgica, França",Estrangeira,Califórnia,Distribuição Nacional,15276.0,270349.0
549,2019,Querido Menino,Ficção,Estados Unidos,Estrangeira,Diamond Films,Distribuição Nacional,15966.0,264892.0
550,2019,Rafiki,Ficção,França,Estrangeira,Ipecine/Olhar Distribuição,Distribuição Nacional,5970.0,59448.0
551,2019,Rainha De Copas,Ficção,"Dinamarca, Suécia",Estrangeira,Arteplex,Distribuição Nacional,7970.0,124710.0
552,2019,Rainhas Do Crime,Ficção,Estados Unidos,Estrangeira,Warner,Distribuição Internacional,28148.0,598832.0
553,2019,Raiva,Ficção,"Brasil, França, Portugal",Brasileira,Pandora Filmes,Distribuição Nacional,2675.0,34433.0
554,2019,Rambo: Até O Fim,Ficção,Estados Unidos,Estrangeira,Imagem,Distribuição Nacional,176846.0,2513488.0
555,2019,Rasga Coração,Ficção,Brasil,Brasileira,Sony,Distribuição Internacional,400.0,6706.0
556,2019,Recife Assombrado - Filme,Ficção,Brasil,Brasileira,Elo Company,Distribuição Nacional,4875.0,46989.0
557,2019,Relatos Do Front,Documentário,Brasil,Brasileira,Arthouse,Distribuição Nacional,740.0,10253.0
558,2019,Retablo,Ficção,"Alemanha, Noruega, Peru",Estrangeira,Arteplex,Distribuição Nacional,3013.0,49177.0
559,2019,Retrato Do Amor,Ficção,"Alemanha, Estados Unidos, Índia",Estrangeira,Califórnia,Distribuição Nacional,5841.0,101070.0
560,2019,Rindo À Toa,Documentário,Brasil,Brasileira,Bretz Filmes,Distribuição Nacional,63.0,956.0
561,2019,Robin Hood: A Origem,Ficção,Estados Unidos,Estrangeira,Paris,Distribuição Nacional,2760.0,35330.0
562,2019,Rocketman,Ficção,"Estados Unidos, Reino Unido",Estrangeira,Paramount,Distribuição Internacional,733230.0,15085447.0
563,2019,Rogéria - Senhor Astolfo Barrozo Pinto,Documentário,Brasil,Brasileira,Pagu Pictures,Distribuição Nacional,1055.0,15163.0
564,2019,"Sai De Baixo, O Filme",Ficção,Brasil,Brasileira,Imagem,Distribuição Nacional,469143.0,6925410.0
565,2019,Saint Amour - Na Rota Do Vinho,Ficção,"Bélgica, França",Estrangeira,Imovision,Distribuição Nacional,10.0,90.0
566,2019,"Santiago, Itália",Documentário,Itália,Estrangeira,Pandora Filmes,Distribuição Nacional,5558.0,80518.0
567,2019,Santos De Todos Os Gols,Documentário,Brasil,Brasileira,Elo Company,Distribuição Nacional,3519.0,23578.0
568,2019,Se A Rua Beale Falasse,Ficção,Estados Unidos,Estrangeira,Sony,Distribuição Internacional,18960.0,285376.0
569,2019,Se Eu Fosse Você,Ficção,Brasil,Brasileira,Disney,Distribuição Internacional,811.0,3244.0
570,2019,Sefarad,Ficção,Portugal,Estrangeira,Lira Filmes,Distribuição Nacional,1843.0,29688.0
571,2019,Segredos Oficiais,Ficção,"Estados Unidos, Reino Unido",Estrangeira,Diamond Films,Distribuição Nacional,14406.0,259453.0
572,2019,"Sem Data, Sem Assinatura",Ficção,Irã,Estrangeira,Imovision,Distribuição Nacional,229.0,1650.0
573,2019,Senhorita Paradis,Ficção,"Alemanha, Áustria",Estrangeira,A2 Filmes,Distribuição Nacional,107.0,1492.0
574,2019,Severina,Ficção,Brasil,Brasileira,Vitrine Filmes,Distribuição Nacional,48.0,144.0
575,2019,Shade - Entre Bruxas E Heróis,Ficção,Sérvia,Estrangeira,Cineart Filmes,Distribuição Nacional,479.0,6296.0
576,2019,Shazam!,Ficção,Estados Unidos,Estrangeira,Warner,Distribuição Internacional,2926706.0,47911729.0
577,2019,Simonal,Ficção,Brasil,Brasileira,Downtown,Distribuição Nacional,65629.0,1190012.0
578,2019,Sob O Olhar Do Padroeiro,Documentário,Brasil,Brasileira,Imagem,Distribuição Nacional,46.0,374.0
579,2019,Sobibor,Ficção,"Alemanha, Lituânia, Polônia, Rússia",Estrangeira,A2 Filmes,Distribuição Nacional,177.0,2087.0
580,2019,Sobre Rodas,Ficção,Brasil,Brasileira,Klaxon Cultura Audiovisual,Distribuição Nacional,3284.0,33057.0
581,2019,"Socorro, Virei Uma Garota!",Ficção,Brasil,Brasileira,Downtown,Distribuição Nacional,26212.0,396912.0
582,2019,Sonata De Outono,Ficção,"Alemanha, França, Inglaterra, Suécia",Estrangeira,F. J. Cines,Distribuição Nacional,77.0,754.0
583,2019,Sou Carnaval De São Salvador,Documentário,Brasil,Brasileira,Paris,Distribuição Nacional,3079.0,43713.0
584,2019,Star Wars: A Ascensão Skywalker,Ficção,Estados Unidos,Estrangeira,Disney,Distribuição Internacional,2129669.0,41213887.0
585,2019,Stars By The Pound,Ficção,França,Estrangeira,Espaço Filmes,Distribuição Nacional,76.0,1062.0
586,2019,Stromboli,Ficção,Itália,Estrangeira,Zeta Filmes,Distribuição Nacional,164.0,1040.0
587,2019,Sueño Florianópolis,Ficção,"Argentina, Brasil",Brasileira,Vitrine Filmes,Distribuição Nacional,188.0,1225.0
588,2019,Super Orquestra Arcoverdense De Ritmos Americanos,Documentário,Brasil,Brasileira,Inquieta Cinema Cultura e Comunicação,Distribuição Nacional,32.0,169.0
589,2019,Superação - O Milagre Da Fé,Ficção,Estados Unidos,Estrangeira,Fox,Distribuição Internacional,1719931.0,24956917.0
590,2019,Suprema,Ficção,Estados Unidos,Estrangeira,Diamond Films,Distribuição Nacional,43895.0,862503.0
591,2019,Suspíria - A Dança Do Medo,Ficção,"Estados Unidos, Itália",Estrangeira,Playarte,Distribuição Nacional,7965.0,109834.0
592,2019,Synonyms,Ficção,"Alemanha, França, Israel",Estrangeira,Fênix Filmes/Escarlate,Distribuição Nacional,4128.0,70425.0
593,2019,Sócrates,Ficção,Brasil,Brasileira,O2 Play,Distribuição Nacional,7459.0,90477.0
594,2019,Taego Ãwa,Documentário,Brasil,Brasileira,Vitrine Filmes,Distribuição Nacional,6.0,50.0
595,2019,Tamara,Ficção,"Peru, Uruguai, Venezuela",Estrangeira,Lança Filmes,Distribuição Nacional,130.0,762.0
596,2019,Tangerine,Ficção,Estados Unidos,Estrangeira,Zeta Filmes,Distribuição Nacional,75.0,596.0
597,2019,Teatros No Brasil  Claudio Santoro - Memórias Do Maestro E Do Teatro Em Vida,Documentário,Brasil,Brasileira,Imagem,Distribuição Nacional,17.0,320.0
598,2019,Teatros No Brasil  Teatros Amazonas - O Filho Ouro Da Floresta,Documentário,Brasil,Brasileira,Imagem,Distribuição Nacional,33.0,482.0
599,2019,Teatros No Brasil Castro Alves - O Teatro E O Homem,Documentário,Brasil,Brasileira,Imagem,Distribuição Nacional,22.0,374.0
600,2019,Teatros No Brasil Sudeste Municipal - Enredos Da Jóia Carioca,Documentário,Brasil,Brasileira,Imagem,Distribuição Nacional,19.0,331.0
601,2019,Teatros No Brasil Theatro São Pedro - Símbolo De Arte E Resistência,Documentário,Brasil,Brasileira,Imagem,Distribuição Nacional,16.0,276.0
602,2019,Ted Bundy - A Irresistível Face Do Mal,Ficção,Estados Unidos,Estrangeira,Paris,Distribuição Nacional,95834.0,1923318.0
603,2019,Temporada,Ficção,Brasil,Brasileira,Vitrine Filmes,Distribuição Nacional,7439.0,56638.0
604,2019,Tesnota,Ficção,Rússia,Estrangeira,Zeta Filmes,Distribuição Nacional,7.0,45.0
605,2019,Testemunha Invisivel,Ficção,Itália,Estrangeira,Pagu Pictures,Distribuição Nacional,168.0,2412.0
606,2019,The Avengers: Os Vingadores,Ficção,Estados Unidos,Estrangeira,Disney,Distribuição Internacional,40.0,291.0
607,2019,The Queen'S Corgi,Animação,Bélgica,Estrangeira,Imagem,Distribuição Nacional,9926.0,71544.0
608,2019,Tinta Bruta,Ficção,Brasil,Brasileira,Vitrine Filmes,Distribuição Nacional,1740.0,14406.0
609,2019,Tito E Os Pássaros,Animação,Brasil,Brasileira,Elo Company,Distribuição Nacional,15179.0,167126.0
610,2019,Todas As Canções De Amor,Ficção,Brasil,Brasileira,Vitrine Filmes,Distribuição Nacional,54.0,395.0
611,2019,Todos Já Sabem,Ficção,"Espanha, França, Itália",Estrangeira,Paris,Distribuição Nacional,105095.0,2041508.0
612,2019,Tolkien,Ficção,Estados Unidos,Estrangeira,Fox,Distribuição Internacional,6703.0,155820.0
613,2019,Tommaso,Ficção,"Estados Unidos, Grécia, Itália, Reino Unido",Estrangeira,Pagu Pictures,Distribuição Nacional,397.0,5340.0
614,2019,Torquato Neto - Todas As Horas Do Fim,Documentário,Brasil,Brasileira,Vitrine Filmes,Distribuição Nacional,75.0,430.0
615,2019,Torre Das Donzelas,Documentário,Brasil,Brasileira,Elo Company,Distribuição Nacional,6424.0,82949.0
616,2019,Torre. Um Dia Brilhante.,Ficção,Polônia,Estrangeira,Zeta Filmes,Distribuição Nacional,252.0,1974.0
617,2019,Toy Story 4,Animação,Estados Unidos,Estrangeira,Disney,Distribuição Internacional,7955544.0,124444046.0
618,2019,Tsé,Documentário,Brasil,Brasileira,Pagu Pictures,Distribuição Nacional,914.0,15775.0
619,2019,Tudo O Que Tivemos,Ficção,Estados Unidos,Estrangeira,Diamond Films,Distribuição Nacional,14597.0,261829.0
620,2019,Tudo Por Um Pop Star,Ficção,Brasil,Brasileira,Downtown/Paris,Distribuição Nacional,54.0,536.0
621,2019,Tully,Ficção,Estados Unidos,Estrangeira,Diamond Films,Distribuição Nacional,138.0,1685.0
622,2019,"Tunga, O Esquecimento Das Paixões",Documentário,Brasil,Brasileira,Cup Filmes,Distribuição Nacional,1782.0,19225.0
623,2019,Turma Da Mônica - Laços,Ficção,Brasil,Brasileira,Paris,Distribuição Nacional,2125813.0,30391984.0
624,2019,Tá Rindo De Quê?,Documentário,Brasil,Brasileira,Bretz Filmes,Distribuição Nacional,1475.0,23736.0
625,2019,Uglydolls,Ficção,"China, Estados Unidos",Estrangeira,Diamond Films,Distribuição Nacional,98098.0,1419226.0
626,2019,Ultraje,Documentário,Brasil,Brasileira,Elo Company,Distribuição Nacional,674.0,6026.0
627,2019,Um Amante Francês,Ficção,França,Estrangeira,Pagu Pictures,Distribuição Nacional,5026.0,88886.0
628,2019,Um Amor Impossível,Ficção,"Bélgica, França",Estrangeira,A2 Filmes,Distribuição Nacional,13161.0,230302.0
629,2019,Um Amor Inesperado,Ficção,Argentina,Estrangeira,Alpha Filmes,Distribuição Nacional,92943.0,1659103.0
630,2019,Um Ato De Esperança,Ficção,"Estados Unidos, Reino Unido",Estrangeira,A2 Filmes,Distribuição Nacional,110.0,1986.0
631,2019,Um Banho De Vida,Ficção,"Bélgica, França",Estrangeira,Pagu Pictures,Distribuição Nacional,30206.0,532869.0
632,2019,Um Dia,Ficção,Hungria,Estrangeira,Zeta Filmes,Distribuição Nacional,71.0,1251.0
633,2019,Um Dia De Chuva Em Nova York,Ficção,Estados Unidos,Estrangeira,Imagem,Distribuição Nacional,141920.0,3007661.0
634,2019,Um Dia Para Susana,Documentário,Brasil,Brasileira,Vitrine Filmes,Distribuição Nacional,204.0,2097.0
635,2019,Um Elefante Sentado Quieto,Ficção,China,Estrangeira,Zeta Filmes,Distribuição Nacional,1305.0,16663.0
636,2019,Um Funeral Em Família,Ficção,Estados Unidos,Estrangeira,Paris,Distribuição Nacional,2094.0,36885.0
637,2019,Um Homem Comum,Ficção,"Estados Unidos, Sérvia",Estrangeira,Mares Filmes/A2 Filmes,Distribuição Nacional,117.0,1160.0
638,2019,Um Homem Fiel,Ficção,França,Estrangeira,Supo Mungam Films,Distribuição Nacional,325.0,6211.0
639,2019,Um Lugar Silencioso,Ficção,Estados Unidos,Estrangeira,Paramount,Distribuição Internacional,15.0,289.0
640,2019,Um Segredo Em Paris,Ficção,França,Estrangeira,Pagu Pictures,Distribuição Nacional,398.0,3884.0
641,2019,Uma,Documentário,"Brasil, Índia",Brasileira,Espaço Filmes,Distribuição Nacional,8697.0,162734.0
642,2019,Uma Aventura Lego 2,Ficção,"Austrália, Canadá, Dinamarca, Estados Unidos, Noruega",Estrangeira,Warner,Distribuição Internacional,402456.0,6336439.0
643,2019,Uma Noite Não É Nada,Ficção,Brasil,Brasileira,Imovision,Distribuição Nacional,165.0,2042.0
644,2019,Uma Nova Chance,Ficção,Estados Unidos,Estrangeira,Diamond Films,Distribuição Nacional,122105.0,1898092.0
645,2019,Uma Segunda Chance Para Amar,Ficção,"Estados Unidos, Reino Unido",Estrangeira,Universal,Distribuição Internacional,514041.0,7717646.0
646,2019,Uma Viagem Inesperada,Ficção,"Argentina, Brasil",Brasileira,Boulevard Filmes,Distribuição Nacional,1075.0,14837.0
647,2019,Unicórnio,Ficção,Brasil,Brasileira,Vitrine Filmes,Distribuição Nacional,67.0,302.0
648,2019,Uruguai - Na Vanguarda,Documentário,Brasil,Brasileira,Urbano Filmes,Distribuição Nacional,464.0,6364.0
649,2019,Utøya 22 De Julho,Ficção,Noruega,Estrangeira,Califórnia,Distribuição Nacional,53.0,503.0
650,2019,Vai Que Cola 2 - O Começo,Ficção,Brasil,Brasileira,H2O Films,Distribuição Nacional,803483.0,11894966.0
651,2019,Varda Por Agnès,Ficção,França,Estrangeira,Imovision,Distribuição Nacional,9247.0,146093.0
652,2019,Velozes & Furiosos: Hobbs & Shaw,Ficção,"Estados Unidos, Reino Unido",Estrangeira,Universal,Distribuição Internacional,2743585.0,44242089.0
653,2019,Venom,Ficção,Estados Unidos,Estrangeira,Sony,Distribuição Internacional,50.0,364.0
654,2019,Vergel,Ficção,"Argentina, Brasil",Brasileira,Arthouse,Distribuição Nacional,479.0,5974.0
655,2019,Vermelho Sol,Ficção,"Brasil, Argentina, França",Brasileira,Vitrine Filmes,Distribuição Nacional,6164.0,51271.0
656,2019,Verão De 84,Ficção,"Canadá, Estados Unidos",Estrangeira,Cinecolor Do Brasil,Distribuição Nacional,9819.0,142601.0
657,2019,Vice,Ficção,Estados Unidos,Estrangeira,Imagem,Distribuição Nacional,219486.0,4751695.0
658,2019,Vidas Duplas,Ficção,França,Estrangeira,Califórnia,Distribuição Nacional,15666.0,285744.0
659,2019,Vidas À Deriva,Ficção,Estados Unidos,Estrangeira,Diamond Films,Distribuição Nacional,26.0,130.0
660,2019,Vidro,Ficção,Estados Unidos,Estrangeira,Disney,Distribuição Internacional,1365681.0,22391507.0
661,2019,Vingadores: Guerra Infinita,Ficção,Estados Unidos,Estrangeira,Disney,Distribuição Internacional,871.0,9681.0
662,2019,Vingadores: Ultimato,Ficção,Estados Unidos,Estrangeira,Disney,Distribuição Internacional,19656467.0,338624881.0
663,2019,Vingança A Sangue-Frio,Ficção,Estados Unidos,Estrangeira,Paris,Distribuição Nacional,195265.0,3103329.0
664,2019,Vision,Ficção,"França, Japão",Estrangeira,Imovision,Distribuição Nacional,9604.0,164790.0
665,2019,Viva - A Vida É Uma Festa,Animação,Estados Unidos,Estrangeira,Disney,Distribuição Internacional,1447.0,10454.0
666,2019,Vizinhos,Ficção,Estados Unidos,Estrangeira,Universal,Distribuição Internacional,77.0,944.0
667,2019,Voando Alto,Animação,Alemanha,Estrangeira,Paris,Distribuição Nacional,13296.0,188747.0
668,2019,Você Nunca Esteve Realmente Aqui,Ficção,"Estados Unidos, França, Reino Unido",Estrangeira,Supo Mungam Films,Distribuição Nacional,8.0,80.0
669,2019,Vox Lux,Ficção,Estados Unidos,Estrangeira,Paris,Distribuição Nacional,6196.0,131782.0
670,2019,Wajib - Um Convite De Casamento,Ficção,Territórios Palestinos Ocupados,Estrangeira,Cup Filmes,Distribuição Nacional,3528.0,33707.0
671,2019,Western,Ficção,"Alemanha, Áustria, Bulgária",Estrangeira,Zeta Filmes,Distribuição Nacional,24.0,189.0
672,2019,Wifi Ralph,Animação,Estados Unidos,Estrangeira,Disney,Distribuição Internacional,4399733.0,64838207.0
673,2019,X-Men - Apocalipse,Ficção,Estados Unidos,Estrangeira,Fox,Distribuição Internacional,90.0,1744.0
674,2019,X-Men: Fênix Negra,Ficção,Estados Unidos,Estrangeira,Fox,Distribuição Internacional,3330607.0,54347798.0
675,2019,Yara,Ficção,"França, Iraque, Líbano",Estrangeira,Zeta Filmes,Distribuição Nacional,2327.0,25702.0
676,2019,Yesterday,Ficção,Reino Unido,Estrangeira,Universal,Distribuição Internacional,624607.0,12078909.0
677,2019,Yomeddine,Ficção,"Áustria, Egito, Estados Unidos",Estrangeira,Imovision,Distribuição Nacional,2110.0,37318.0
678,2019,Zama,Ficção,"Brasil, Argentina, Espanha",Brasileira,Vitrine Filmes,Distribuição Nacional,50.0,168.0
679,2019,Zora Curiosa,Documentário,Brasil,Brasileira,Empresa Cinematográfica Pampeana,Distribuição Nacional,8.0,120.0
680,2019,Zoravia,Documentário,Brasil,Brasileira,Empresa Cinematográfica Pampeana,Distribuição Nacional,388.0,5788.0
681,2019,Zumbilândia: Atire Duas Vezes,Ficção,Estados Unidos,Estrangeira,Sony,Distribuição Internacional,287152.0,4185690.0
682,2019,Últimos Dias Em Havana,Ficção,"Cuba, Espanha",Estrangeira,Esfera Produções,Distribuição Nacional,21.0,230.0
683,2018,10 Segundos Para Vencer,Ficção,Brasil,Brasileira,Imagem,Distribuição Nacional,49147.0,801026.0
684,2018,12 Heróis,Ficção,Estados Unidos,Estrangeira,Diamond Films,Distribuição Nacional,30930.0,549086.0